,,,,INE 2020,INE 2020,INE 2020,INE 2020,INE 2020,INE 2020,INE 2020,INE 2020,INE 2020,INE 2020,INE 2020,INE 2023,INE 2023,INE 2023,INE 2023,INE 2023,INE 2023,,INE 2020,INE 2023,INE 2017 %,INE 2017 %,INE 2017 %,MIDESO 2017 %,MIDESO 2017 %,MIDESO 2020 %,MIDESO 2022 %,,MIDESO 2022 %,,,,,,,,,
NOM_REGION,CLAVE_REGION,NOM_MUN,CLAVE_MUN,POB_TOTAL,POB_HOM,POR_HOM,POB_MUJ,POR_MUJ,POB_EDAD_0_14,POR_EDAD_0_14,POB_EDAD_15_64,POR_EDAD_15_64,POB_EDAD_65+,POR_EDAD_65+,POB_TOTAL,POB_HOM,POB_MUJ,POB_EDAD_0_14,POB_EDAD_15_64,POB_EDAD_MAS_65,SUPERFICIE,DENSIDAD 2020,DENSIDAD,%POB_RURAL,%POB_ETNIA,%POB_MIGRANTE,%POBREZA_ING,%POBREZA_MULTI,%POBREZA_ING,%POBREZA_ING,POBREZA_ING_EXTR,%POBREZA_MULTI,MARGINACION,VULNERABILIDAD_SOCIAL,VULNERABILIDAD_SOCIAL_PUNTAJE,PRIORIDAD_SOCIAL,REZAGO_SOCIAL,TASA MORTALIDAD 2020,TASA MORTALIDAD 2021,TASA EGRESOS 2020 por 100 mil,TASA EGRESOS 2021 por 100 mil
Tarapacá,1,Iquique,1101,223463,112479,50,110984,50,44909,20.0968393,156452,70.01248529,22102,9.890675414,"230,595","115,897","114,698",19.45,69.54,11.00,"2,287.62",97.68,100.80,1.26,17.63,13.75,4.4%,19.7%,12.3%,7.9%,,18.3%,None,Medio-baja,-5.643147877,,None,89.95,188.44,295.80,594.82
Tarapacá,1,Alto Hospicio,1107,129999,65487,50,64512,50,35632,27.40944161,88381,67.98590758,5986,4.604650805,"140,282","70,564","69,718",26.85,67.97,5.18,573.85,226.54,244.46,2.30,30.59,11.02,7.8%,27.5%,16.1%,15.3%,,32.6%,None,Alta,12.59333596,,None,58.46,99.94,205.39,414.66
Tarapacá,1,Pozo Almonte,1401,17395,9077,52,8318,48,4285,24.63351538,11629,66.85254383,1481,8.513940788,"18,452","9,610","8,842",23.95,66.48,9.57,"13,769.12",1.26,1.34,35.75,43.04,11.26,10.9%,38.8%,15.7%,15.3%,,25.0%,None,Medio-alta,8.020496975,,None,97.73,72.82,241.45,431.30
Tarapacá,1,Camiña,1402,1375,705,51,670,49,287,20.87272727,849,61.74545455,239,17.38181818,"1,379",706,673,20.16,60.62,19.22,"2,199.69",0.63,0.63,100.00,87.79,13.69,26.4%,51.8%,22.8%,24.0%,,22.3%,None,Alta,33.67387355,,None,218.18,216.76,363.64,650.29
Tarapacá,1,Colchane,1403,1583,826,52,757,48,268,16.92987997,1034,65.31901453,281,17.7511055,"1,569",820,749,16.51,64.12,19.38,"4,007.03",0.40,0.39,100.00,84.72,10.13,13.9%,63.5%,21.2%,22.3%,,30.0%,None,Alta,35.71564291,,None,126.34,62.97,379.03,314.86
Tarapacá,1,Huara,1404,3000,1559,52,1441,48,680,22.66666667,1832,61.06666667,488,16.26666667,"3,080","1,601","1,479",21.75,60.32,17.92,"10,471.19",0.29,0.29,59.38,63.08,2.69,18.8%,46.5%,20.2%,18.1%,,38.6%,None,Alta,19.15544333,,None,66.67,197.17,800.00,690.11
Tarapacá,1,Pica,1405,5958,3012,51,2946,49,1350,22.65861027,3717,62.38670695,891,14.95468278,"6,231","3,149","3,082",21.79,61.61,16.59,"8,983.82",0.66,0.69,57.92,46.47,15.77,8.6%,32.3%,16.8%,10.7%,,16.8%,None,Medio-alta,6.791320282,,None,83.92,147.90,469.96,312.24
Antofagasta,2,Antofagasta,2101,425725,213732,50,211993,50,87262,20.49726936,303988,71.40478008,34475,8.097950555,"441,211","221,328","219,883",19.73,71.41,8.86,"30,691.17",13.87,14.38,2.15,8.06,9.89,5.1%,16.6%,8.2%,7.2%,,16.7%,None,Medio-baja,-6.603716021,,None,65.77,112.29,287.27,429.32
Antofagasta,2,Mejillones,2102,14776,7716,52,7060,48,3100,20.97996751,10722,72.56361668,954,6.456415809,"15,659","8,137","7,522",20.22,72.69,7.09,"3,568.84",4.14,4.39,3.81,9.71,14.34,7.7%,22.0%,12.8%,7.1%,,19.9%,None,Medio-baja,-2.666861585,,None,40.61,72.52,351.92,560.39
Antofagasta,2,Sierra Gorda,2103,1746,923,53,823,47,360,20.6185567,1293,74.05498282,93,5.326460481,"1,792",945,847,20.03,74.11,5.86,"12,880.42",0.14,0.14,100.00,13.70,15.30,1.4%,25.3%,12.8%,2.1%,,16.5%,None,Medio-baja,-9.843145556,,None,0.00,112.87,57.27,112.87
Antofagasta,2,Taltal,2104,13657,6958,51,6699,49,3153,23.08706158,9127,66.83019697,1377,10.08274145,"13,929","7,077","6,852",22.10,66.91,10.99,"20,403.06",0.67,0.68,16.48,26.88,3.09,3.5%,26.0%,13.1%,11.5%,,21.1%,None,Medio-alta,0.603734304,,None,36.61,50.70,131.80,362.16
Antofagasta,2,Calama,2201,190336,95909,50,94427,50,42269,22.20756977,134551,70.6913038,13516,7.101126429,"195,423","98,356","97,067",21.35,70.88,7.77,"15,588.25",12.21,12.54,4.37,24.90,11.12,4.6%,13.7%,10.6%,8.1%,,16.8%,None,Medio-baja,-3.481442183,,None,167.60,111.20,712.42,650.66
Antofagasta,2,Ollagüe,2202,287,152,53,135,47,58,20.20905923,196,68.29268293,33,11.49825784,274,146,128,19.34,68.25,12.41,"2,918.48",0.10,0.09,100.00,68.47,26.33,20.2%,35.3%,13.2%,8.7%,,16.1%,None,Medio-alta,6.215830966,,None,0.00,0.00,0.00,0.00
Antofagasta,2,San Pedro de Atacama,2203,10434,5262,50,5172,50,2051,19.65689093,7621,73.04006134,762,7.303047729,"10,929","5,511","5,418",18.83,73.20,7.97,"23,543.23",0.44,0.46,49.76,51.53,16.72,4.0%,22.1%,14.6%,4.9%,,22.5%,None,Medio-alta,2.155310939,,None,124.59,131.15,67.09,131.15
Antofagasta,2,Tocopilla,2301,28079,14059,50,14020,50,6527,23.24512981,18449,65.70390683,3103,11.05096335,"28,333","14,188","14,145",22.25,65.73,12.02,"4,030.68",6.97,7.03,2.20,8.22,4.96,10.4%,20.1%,8.6%,10.4%,,20.5%,None,Medio-baja,-1.536468274,,None,56.98,145.32,409.56,910.90
Antofagasta,2,María Elena,2302,6814,3499,51,3315,49,1400,20.54593484,4988,73.2022307,426,6.251834458,"6,592","3,384","3,208",19.77,73.44,6.80,"12,431.78",0.55,0.53,23.73,12.61,5.31,5.0%,18.5%,17.6%,5.6%,,15.2%,None,Medio-baja,-12.13346293,,None,176.11,59.06,176.11,206.70
Atacama,3,Copiapó,3101,171766,86464,50,85302,50,38423,22.36938626,116772,67.98318643,16571,9.647427314,"175,240","88,082","87,158",21.55,67.62,10.82,"17,780.48",9.66,9.86,1.93,17.80,3.65,6.3%,23.3%,8.3%,7.2%,,19.8%,None,Medio-baja,-6.21929651,,None,37.84,115.44,139.72,346.31
Atacama,3,Caldera,3102,19426,9885,51,9541,49,4309,22.18161227,12966,66.74559868,2151,11.07278905,"19,860","10,086","9,774",21.26,66.36,12.37,"3,680.55",5.28,5.40,10.68,18.55,2.49,10.4%,20.4%,10.2%,4.1%,,19.7%,None,Medio-baja,-3.857266211,,None,10.30,61.19,56.63,198.86
Atacama,3,Tierra Amarilla,3103,14312,7408,52,6904,48,3335,23.30212409,9706,67.81721632,1271,8.880659586,"14,419","7,451","6,968",22.46,67.57,9.97,"11,252.15",1.27,1.28,29.13,31.47,3.90,14.3%,31.4%,12.1%,6.9%,,34.5%,None,Medio-alta,9.45913649,,None,13.97,111.31,118.78,194.80
Atacama,3,Chañaral,3201,13164,6685,51,6479,49,3082,23.41233668,8470,64.34214524,1612,12.24551808,"13,062","6,625","6,437",22.46,63.88,13.66,"5,771.24",2.28,2.26,9.30,10.72,1.19,12.1%,25.2%,10.2%,11.5%,,22.8%,None,Medio-alta,3.284463608,,None,7.60,212.94,235.49,501.94
Atacama,3,Diego de Almagro,3202,14358,7312,51,7046,49,3519,24.50898454,9667,67.32831871,1172,8.162696754,"14,019","7,122","6,897",23.56,67.33,9.11,"18,976.13",0.76,0.74,4.81,12.99,2.58,7.6%,17.8%,8.0%,5.7%,,18.9%,None,Medio-baja,-4.502755333,,None,27.86,56.11,215.91,287.56
Atacama,3,Vallenar,3301,57009,28591,50,28418,50,12663,22.21228227,36839,64.61962146,7507,13.16809627,"57,338","28,762","28,576",21.29,64.07,14.64,"7,226.96",7.89,7.93,11.36,24.58,1.66,8.8%,21.2%,9.8%,10.7%,,16.5%,None,Medio-baja,-0.64669594,,None,43.85,101.36,201.72,391.44
Atacama,3,Alto del Carmen,3302,5729,2960,52,2769,48,1120,19.54965963,3588,62.62873102,1021,17.82160936,"5,775","2,978","2,797",18.53,61.78,19.69,"6,155.81",0.93,0.94,100.00,53.03,1.38,15.3%,28.3%,12.5%,15.1%,,27.9%,None,Medio-alta,9.391899586,,None,17.46,69.52,17.46,139.03
Atacama,3,Freirina,3303,7681,3890,51,3791,49,1734,22.57518552,4900,63.79377685,1047,13.63103763,"7,810","3,948","3,862",21.57,63.25,15.17,"3,223.52",2.38,2.42,34.82,16.07,0.55,15.7%,32.9%,12.5%,13.4%,,28.6%,None,Medio-alta,5.88095079,,None,52.08,129.22,104.15,90.45
Atacama,3,Huasco,3304,11264,5744,51,5520,49,2455,21.79509943,7324,65.02130682,1485,13.18359375,"11,525","5,868","5,657",20.84,64.46,14.70,"1,601.71",7.03,7.20,12.29,15.78,1.68,9.7%,17.3%,9.3%,11.4%,,17.8%,None,Medio-baja,-4.003795208,,None,53.27,52.75,150.92,167.05
Coquimbo,4,La Serena,4101,249656,121768,49,127888,51,49770,19.93543115,170296,68.21226007,29590,11.85230878,"263,144","128,252","134,892",19.30,67.57,13.13,"1,901.45",131.30,138.39,9.23,8.86,2.35,10.2%,20.1%,11.6%,5.9%,,13.1%,None,Medio-baja,-7.815033652,,None,31.24,104.93,30.04,83.32
Coquimbo,4,Coquimbo,4102,256735,125378,49,131357,51,54056,21.05517362,173157,67.44580988,29522,11.4990165,"271,095","132,176","138,919",20.36,66.91,12.74,"1,425.08",180.15,190.23,5.79,8.33,2.27,13.4%,18.0%,10.8%,7.1%,,16.7%,None,Medio-baja,-4.83227172,,None,40.90,107.71,133.21,229.94
Coquimbo,4,Andacollo,4103,11791,5852,50,5939,50,2435,20.65134425,7620,64.62556187,1736,14.72309389,"11,833","5,871","5,962",19.87,63.90,16.23,514.80,22.90,22.99,9.38,6.35,0.45,14.8%,26.1%,11.2%,10.5%,,19.4%,None,Medio-alta,2.844407032,,None,25.44,143.85,50.89,152.31
Coquimbo,4,La Higuera,4104,4450,2245,50,2205,50,967,21.73033708,2815,63.25842697,668,15.01123596,"4,517","2,276","2,241",20.79,62.67,16.54,"4,161.33",1.07,1.09,69.51,11.96,1.00,20.5%,40.3%,15.6%,10.7%,,29.5%,None,Alta,10.23588483,,None,22.47,200.98,0.00,44.66
Coquimbo,4,Paihuano,4105,4675,2306,49,2369,51,836,17.88235294,3087,66.03208556,752,16.0855615,"4,705","2,319","2,386",17.13,65.12,17.75,"1,513.76",3.09,3.11,100.00,8.52,1.57,10.5%,20.7%,12.1%,8.3%,,15.1%,None,Medio-baja,-0.860775026,,None,106.95,127.93,85.56,319.83
Coquimbo,4,Vicuña,4106,29741,14665,49,15076,51,6159,20.70878585,19543,65.71063515,4039,13.580579,"30,370","14,945","15,425",19.94,65.05,15.00,"7,579.52",3.92,4.01,38.81,11.28,1.62,12.3%,23.2%,14.0%,10.9%,,19.5%,None,Medio-alta,3.593466399,,None,47.07,130.04,50.44,276.76
Coquimbo,4,Illapel,4201,32801,15962,49,16839,51,6684,20.37742752,21115,64.37303741,5002,15.24953508,"32,987","16,034","16,953",19.58,63.68,16.74,"2,628.12",12.48,12.55,31.76,7.05,1.03,12.0%,25.4%,11.9%,8.1%,,17.0%,None,Medio-alta,1.433824311,,None,12.19,82.07,54.88,130.70
Coquimbo,4,Canela,4202,9546,4769,50,4777,50,1624,17.0123612,5859,61.37649277,2063,21.61114603,"9,524","4,757","4,767",16.26,60.28,23.46,"2,196.67",4.35,4.34,78.44,4.71,0.35,25.1%,43.5%,14.6%,16.3%,,23.9%,None,Alta,11.7022154,,None,41.90,178.05,20.95,104.73
Coquimbo,4,Los Vilos,4203,23374,11728,50,11646,50,4702,20.11636861,15342,65.6370326,3330,14.24659878,"24,170","12,141","12,029",19.34,64.99,15.67,"1,858.90",12.57,13.00,20.05,6.47,2.72,13.8%,29.5%,14.9%,8.5%,,20.9%,None,Medio-baja,-2.910276993,,None,68.45,109.85,102.68,164.78
Coquimbo,4,Salamanca,4204,29110,14508,50,14602,50,5812,19.96564754,19033,65.38302989,4265,14.65132257,"29,743","14,823","14,920",19.20,64.71,16.09,"3,445.03",8.45,8.63,42.74,9.46,1.63,12.5%,27.2%,9.6%,9.1%,,14.0%,None,Medio-alta,0.187518295,,None,37.79,122.62,61.83,405.33
Coquimbo,4,Ovalle,4301,121269,59332,49,61937,51,25313,20.87343014,80095,66.04738227,15861,13.07918759,"123,724","60,554","63,170",20.14,65.42,14.44,"3,549.86",34.16,34.85,21.33,10.36,1.21,5.7%,26.1%,11.1%,9.5%,,18.0%,None,Medio-baja,-0.687952617,,None,60.20,121.89,164.92,308.41
Coquimbo,4,Combarbalá,4302,13884,6847,49,7037,51,2396,17.25727456,8615,62.04984154,2873,20.6928839,"13,870","6,835","7,035",16.46,61.01,22.53,"2,296.44",6.05,6.04,54.98,9.86,0.49,16.2%,33.5%,13.4%,11.0%,,22.4%,None,Medio-alta,6.871876615,,None,21.61,172.75,64.82,467.86
Coquimbo,4,Monte Patria,4303,32527,16092,49,16435,51,6752,20.75813939,21116,64.9183755,4659,14.3234851,"32,657","16,156","16,501",20.00,64.21,15.79,"4,211.12",7.72,7.75,50.12,9.22,0.53,21.4%,33.5%,16.0%,12.8%,,23.2%,None,Medio-alta,9.646232963,,None,30.74,107.34,116.83,263.75
Coquimbo,4,Punitaqui,4304,12165,6010,49,6155,51,2570,21.12618167,7619,62.63049733,1976,16.243321,"12,438","6,137","6,301",20.26,61.83,17.90,"1,092.75",11.13,11.38,46.62,12.69,0.53,25.2%,36.0%,14.5%,14.5%,,26.8%,None,Alta,12.84889197,,None,57.54,114.09,164.41,228.18
Coquimbo,4,Río Hurtado,4305,4372,2152,49,2220,51,720,16.4684355,2711,62.00823422,941,21.52333028,"4,326","2,124","2,202",15.67,60.86,23.46,"2,204.57",1.98,1.96,100.00,6.33,0.57,17.2%,40.0%,13.0%,7.8%,,22.8%,None,Medio-alta,9.724037104,,None,0.00,68.79,22.87,206.37
Valparaíso,5,Valparaíso,5101,315732,155018,49,160714,51,54027,17.11166432,216315,68.51221922,45390,14.37611645,"319,745","157,120","162,625",16.56,67.58,15.86,318.01,992.84,"1,005.46",0.25,6.99,1.98,7.1%,19.1%,13.3%,7.4%,,19.1%,None,Medio-baja,-10.57484975,,None,81.71,180.52,231.53,620.31
Valparaíso,5,Casablanca,5102,29170,14399,49,14771,51,5744,19.69146383,19600,67.19232088,3826,13.11621529,"30,212","14,907","15,305",19.03,66.49,14.47,954.61,30.56,31.65,33.00,6.41,1.75,8.9%,16.9%,9.6%,8.2%,,19.6%,None,Medio-baja,-6.218885447,,None,58.28,98.12,143.98,382.33
Valparaíso,5,Concón,5103,45889,22442,49,23447,51,8667,18.88687921,31443,68.51968881,5779,12.59343198,"47,642","23,313","24,329",18.29,67.80,13.91,76.65,598.71,621.58,6.51,5.55,4.10,2.4%,17.1%,8.2%,2.7%,,13.4%,None,Baja,-14.60242922,,None,61.02,92.42,98.06,300.90
Valparaíso,5,Juan Fernández,5104,1033,523,51,510,49,208,20.13552759,719,69.60309777,106,10.26137464,"1,087",552,535,19.50,69.37,11.13,103.99,9.93,10.45,100.00,6.74,2.91,5.1%,17.6%,12.2%,2.5%,,5.6%,None,Medio-baja,-7.832767937,,None,0.00,0.00,96.81,284.90
Valparaíso,5,Puchuncaví,5105,20071,9971,50,10100,50,3871,19.28653281,13093,65.23342135,3107,15.48004584,"20,959","10,400","10,559",18.57,64.41,17.02,300.58,66.78,69.73,14.49,6.38,2.12,8.4%,27.9%,13.3%,3.3%,,31.6%,None,Medio-baja,-4.774601444,,None,59.79,88.27,139.50,259.92
Valparaíso,5,Quintero,5107,36135,17858,49,18277,51,7203,19.9335824,23788,65.83091186,5144,14.23550574,"38,040","18,796","19,244",19.25,65.05,15.71,146.16,247.22,260.26,15.78,7.44,2.21,5.3%,26.9%,13.6%,7.7%,,23.4%,None,Medio-baja,-5.225435791,,None,71.95,105.92,182.65,450.83
Valparaíso,5,Viña del Mar,5109,361371,174976,48,186395,52,57641,15.95064352,246606,68.24177922,57124,15.80757725,"369,303","178,425","190,878",15.41,67.16,17.43,120.57,"2,997.12","3,062.90",0.00,6.35,2.84,5.2%,17.1%,11.0%,6.5%,,14.9%,None,Baja,-14.46691496,,None,71.95,154.20,209.48,336.38
Valparaíso,5,Isla de Pascua,5201,8277,4089,49,4188,51,1816,21.94031654,5933,71.68056059,528,6.379122871,"8,743","4,316","4,427",21.32,71.59,7.09,164.10,50.44,53.28,5.52,53.29,4.67,8.1%,21.7%,11.8%,5.4%,,12.5%,None,Medio-baja,-11.76781808,,None,0.00,23.68,0.00,35.52
Valparaíso,5,Los Andes,5301,68093,33314,49,34779,51,13530,19.86988384,45484,66.79688074,9079,13.33323543,"68,788","33,634","35,154",19.20,66.10,14.70,"1,233.67",55.20,55.76,8.53,5.74,2.47,7.0%,11.9%,10.3%,8.1%,,15.2%,None,Medio-baja,-10.14956605,,None,91.05,156.43,262.88,402.04
Valparaíso,5,Calle Larga,5302,16482,8119,49,8363,51,3598,21.82987502,10893,66.09028031,1991,12.07984468,"17,388","8,552","8,836",21.10,65.53,13.37,322.09,51.17,53.98,27.92,6.05,1.30,17.2%,16.8%,11.5%,7.0%,,14.5%,None,Medio-baja,-2.229163744,,None,60.67,83.31,145.61,291.60
Valparaíso,5,Rinconada,5303,11263,5592,50,5671,50,2512,22.3031164,7438,66.03924354,1313,11.65764006,"11,847","5,880","5,967",21.59,65.53,12.88,123.07,91.51,96.26,20.99,6.85,1.40,10.5%,22.2%,12.1%,8.1%,,25.1%,None,Medio-baja,-2.830828941,,None,62.15,87.18,88.79,156.92
Valparaíso,5,San Esteban,5304,20643,10172,49,10471,51,4341,21.02892022,13669,66.21615075,2633,12.75492903,"21,493","10,593","10,900",20.29,65.62,14.09,"1,374.11",15.02,15.64,39.69,5.49,1.20,10.7%,12.6%,10.8%,8.5%,,21.0%,None,Medio-baja,-3.872869824,,None,58.13,62.05,87.20,267.28
Valparaíso,5,La Ligua,5401,37739,18546,49,19193,51,7298,19.33808527,24974,66.17557434,5467,14.48634039,"38,259","18,787","19,472",18.64,65.40,15.96,"1,164.52",32.41,32.85,26.51,7.94,1.16,16.7%,24.9%,13.2%,8.2%,,23.6%,None,Medio-baja,-2.519491192,,None,124.54,123.82,323.27,532.18
Valparaíso,5,Cabildo,5402,20663,10168,49,10495,51,4348,21.04244301,13561,65.62938586,2754,13.32817113,"20,748","10,208","10,540",20.34,64.97,14.69,"1,456.17",14.19,14.25,37.21,5.00,0.78,16.4%,25.3%,8.6%,8.9%,,20.5%,None,Medio-alta,2.47352867,,None,116.15,101.38,319.41,337.92
Valparaíso,5,Papudo,5403,6201,3090,50,3111,50,1140,18.38413159,4179,67.39235607,882,14.22351234,"6,385","3,175","3,210",17.82,66.48,15.69,166.62,37.22,38.32,14.82,9.06,1.41,7.6%,19.1%,13.5%,7.3%,,18.9%,None,Medio-baja,-9.791578288,,None,129.01,79.74,403.16,223.29
Valparaíso,5,Petorca,5404,10558,5246,50,5312,50,1917,18.15684789,6984,66.14889184,1657,15.69426028,"10,615","5,276","5,339",17.46,65.25,17.30,"1,516.52",6.96,7.00,58.24,6.87,1.72,10.2%,19.3%,11.5%,4.5%,,16.5%,None,Medio-alta,1.421550723,,None,47.36,151.09,198.90,169.97
Valparaíso,5,Zapallar,5405,7994,3976,50,4018,50,1422,17.78834126,5356,67.00025019,1216,15.21140856,"8,281","4,118","4,163",17.08,66.21,16.71,289.02,27.66,28.65,31.69,7.34,2.18,4.5%,24.6%,8.6%,4.3%,,26.6%,None,Medio-baja,-10.60129729,,None,62.55,86.42,112.58,160.49
Valparaíso,5,Quillota,5501,97572,47609,49,49963,51,18774,19.24117575,65000,66.61747223,13798,14.14135203,"100,196","48,896","51,300",18.58,65.83,15.59,301.57,323.55,332.25,13.46,5.72,1.97,9.9%,19.8%,10.2%,5.3%,,15.5%,None,Medio-baja,-5.754496963,,None,81.99,144.07,171.16,420.04
Valparaíso,5,Calera,5502,53591,26287,49,27304,51,10515,19.62083186,35594,66.41786867,7482,13.96129947,"53,855","26,413","27,442",18.96,65.64,15.40,59.30,903.65,908.11,3.73,5.97,1.86,15.8%,23.1%,13.3%,7.1%,,16.7%,None,Medio-baja,-2.140259747,,None,173.54,176.79,431.04,675.52
Valparaíso,5,Hijuelas,5503,19099,9494,50,9605,50,3821,20.00628305,12875,67.41190638,2403,12.58181057,"19,389","9,640","9,749",19.33,66.74,13.93,268.96,71.01,72.09,34.76,4.98,1.50,9.0%,32.1%,13.2%,9.1%,,22.3%,None,Medio-alta,0.340243971,,None,89.01,98.87,282.74,327.82
Valparaíso,5,La Cruz,5504,25321,12377,49,12944,51,5547,21.90671774,16973,67.03131788,2801,11.06196438,"27,279","13,326","13,953",21.21,66.57,12.23,78.14,324.06,349.12,11.97,4.89,2.00,6.9%,19.8%,8.6%,3.2%,,14.0%,None,Medio-baja,-9.186127425,,None,47.39,69.21,71.09,176.87
Valparaíso,5,Nogales,5506,23490,11586,49,11904,51,4695,19.98722861,15481,65.90464027,3314,14.10813112,"23,621","11,649","11,972",19.33,65.11,15.56,405.20,57.97,58.29,15.10,5.77,0.98,7.7%,39.1%,12.5%,5.6%,,15.1%,None,Medio-baja,-0.399217721,,None,114.94,178.28,285.23,585.76
Valparaíso,5,San Antonio,5601,96761,47484,49,49277,51,19044,19.68148324,64483,66.64151879,13234,13.67699796,"98,169","48,210","49,959",19.02,65.91,15.07,398.51,242.81,246.34,5.23,9.66,1.70,7.5%,18.8%,11.6%,6.6%,,14.2%,None,Medio-baja,-6.088241025,,None,70.28,182.90,224.26,988.46
Valparaíso,5,Algarrobo,5602,15174,7469,49,7705,51,2589,17.06207987,9486,62.514828,3099,20.42309213,"15,886","7,829","8,057",16.34,61.36,22.31,175.51,86.46,90.52,21.12,8.47,2.89,3.3%,16.9%,9.7%,6.1%,,19.6%,None,Medio-baja,-9.501261216,,None,105.44,174.92,158.17,518.27
Valparaíso,5,Cartagena,5603,25357,12521,49,12836,51,4912,19.37137674,15937,62.85049493,4508,17.77812833,"26,652","13,153","13,499",18.63,61.84,19.53,244.56,103.68,108.98,8.32,9.47,1.58,6.9%,23.0%,18.4%,7.4%,,28.4%,None,Medio-baja,-3.141819358,,None,47.32,147.20,201.13,511.33
Valparaíso,5,El Quisco,5604,17742,8742,49,9000,51,3051,17.19648292,10721,60.42723481,3970,22.37628227,"18,593","9,170","9,423",16.38,59.22,24.40,50.65,350.26,367.06,6.82,9.89,3.14,3.4%,20.5%,11.9%,9.0%,,11.7%,None,Medio-baja,-8.882306818,,None,45.09,72.00,135.27,448.60
Valparaíso,5,El Tabo,5605,14338,7125,50,7213,50,2312,16.12498256,8746,60.99874459,3280,22.87627284,"15,006","7,449","7,557",15.33,59.80,24.87,98.97,144.87,151.62,5.05,8.19,2.13,6.2%,16.9%,15.1%,3.3%,,20.7%,None,Medio-baja,-7.017415027,,None,90.67,143.96,237.13,527.87
Valparaíso,5,Santo Domingo,5606,11934,5914,50,6020,50,2376,19.90950226,7840,65.69465393,1718,14.39584381,"12,456","6,171","6,285",19.18,65.01,15.81,531.67,22.45,23.43,42.97,6.77,2.56,4.0%,17.1%,8.3%,6.0%,,16.1%,None,Medio-baja,-9.245181313,,None,8.38,65.97,167.59,263.90
Valparaíso,5,San Felipe,5701,83494,40846,49,42648,51,17201,20.60148035,55874,66.91977867,10419,12.47874099,"86,062","42,101","43,961",19.94,66.28,13.77,186.86,446.82,460.56,9.40,5.87,3.57,8.2%,19.9%,11.0%,7.0%,,17.2%,None,Medio-baja,-5.970628912,,None,62.28,150.39,210.79,412.10
Valparaíso,5,Catemu,5702,15213,7553,50,7660,50,3055,20.08150924,10033,65.95017419,2125,13.96831657,"15,600","7,747","7,853",19.36,65.25,15.39,361.23,42.11,43.19,44.18,5.75,1.50,16.9%,22.3%,11.0%,12.0%,,18.5%,None,Medio-alta,3.209032291,,None,92.03,123.70,157.76,605.47
Valparaíso,5,Llaillay,5703,26533,13125,49,13408,51,5452,20.54799683,17554,66.1591226,3527,13.29288056,"27,119","13,421","13,698",19.84,65.50,14.66,349.11,76.00,77.68,26.97,7.08,1.87,7.8%,26.8%,12.5%,9.2%,,15.5%,None,Medio-baja,-1.78774537,,None,64.07,201.79,226.13,736.17
Valparaíso,5,Panquehue,5704,7633,3802,50,3831,50,1534,20.09694746,5135,67.27368007,964,12.62937246,"7,794","3,883","3,911",19.45,66.65,13.90,121.09,63.04,64.37,47.67,4.44,0.84,10.2%,22.8%,10.7%,9.5%,,18.3%,None,Medio-alta,2.549544974,,None,39.30,129.97,65.51,376.92
Valparaíso,5,Putaendo,5705,17645,8725,49,8920,51,3385,19.18390479,11434,64.80022669,2826,16.01586852,"17,945","8,876","9,069",18.47,63.91,17.62,"1,450.77",12.16,12.37,59.81,6.97,1.51,9.3%,33.7%,13.5%,10.0%,,23.2%,None,Medio-alta,1.434187836,,None,107.68,157.59,504.39,602.21
Valparaíso,5,Santa María,5706,16367,8105,50,8262,50,3267,19.96089693,10919,66.71350889,2181,13.32559418,"16,827","8,337","8,490",19.25,66.04,14.71,165.72,98.76,101.54,35.78,5.95,0.87,12.9%,15.8%,12.3%,8.9%,,19.8%,None,Medio-baja,-0.818412354,,None,42.77,139.07,103.87,338.59
Valparaíso,5,Quilpué,5801,167085,81080,49,86005,51,29511,17.66226771,111428,66.68940958,26146,15.64832271,"172,073","83,495","88,578",17.05,65.73,17.22,536.04,311.70,321.01,1.39,6.84,1.78,5.3%,12.1%,9.3%,5.5%,,16.0%,None,Medio-baja,-12.29594045,,None,75.41,156.87,138.25,335.05
Valparaíso,5,Limache,5802,49931,24363,49,25568,51,9784,19.59504116,32700,65.49037672,7447,14.91458212,"51,289","24,966","26,323",18.90,64.65,16.44,295.18,169.15,173.75,15.07,5.29,1.43,4.4%,30.3%,10.5%,6.9%,,17.6%,None,Medio-baja,-5.00832251,,None,100.14,208.17,252.35,491.68
Valparaíso,5,Olmué,5803,19266,9485,49,9781,51,3495,18.14076612,12493,64.84480432,3278,17.01442957,"20,013","9,844","10,169",17.47,63.82,18.71,231.25,83.31,86.54,29.91,5.60,1.65,6.9%,28.0%,15.2%,7.5%,,26.1%,None,Medio-baja,-3.953609889,,None,57.10,138.21,124.57,337.86
Valparaíso,5,Villa Alemana,5804,139310,67481,48,71829,52,26791,19.23121097,93095,66.82578422,19424,13.94300481,"145,490","70,567","74,923",18.59,66.03,15.38,96.02,"1,450.88","1,515.25",0.96,6.24,1.52,3.7%,14.4%,9.3%,4.4%,,15.0%,None,Medio-baja,-10.52101922,,None,71.06,138.49,151.46,373.07
Libertador B O´Higgins,6,Rancagua,6101,265211,132062,50,133149,50,52685,19.86531479,179175,67.55941496,33351,12.57527026,"272,290","135,501","136,789",19.13,66.74,14.12,261.75,"1,013.22","1,040.27",3.14,7.82,1.99,10.6%,13.2%,8.9%,6.3%,,14.7%,None,Medio-baja,-10.18396528,,None,89.74,141.13,321.63,501.07
Libertador B O´Higgins,6,Codegua,6102,14096,7082,50,7014,50,2870,20.36038593,9559,67.81356413,1667,11.82604994,"14,504","7,283","7,221",19.62,67.07,13.31,285.46,49.38,50.81,45.96,6.41,1.12,8.9%,18.7%,13.0%,5.5%,,18.2%,None,Medio-baja,-0.854223058,,None,92.22,168.46,156.07,484.31
Libertador B O´Higgins,6,Coinco,6103,7831,3952,50,3879,50,1395,17.81381688,5171,66.03243519,1265,16.15374792,"7,983","4,029","3,954",17.06,64.80,18.14,97.71,80.14,81.70,53.47,6.04,0.46,14.4%,31.2%,13.2%,9.8%,,21.9%,None,Medio-baja,-0.321250684,,None,102.16,114.05,114.93,316.82
Libertador B O´Higgins,6,Coltauco,6104,21263,10672,50,10591,50,4198,19.74321591,14089,66.26064055,2976,13.99614354,"21,936","11,005","10,931",18.96,65.32,15.72,222.50,95.56,98.59,42.79,5.46,0.57,14.4%,22.1%,11.1%,10.0%,,16.4%,None,Medio-baja,-0.139910333,,None,122.28,144.14,197.53,162.74
Libertador B O´Higgins,6,Doñihue,6105,22700,11375,50,11325,50,4646,20.46696035,15124,66.62555066,2930,12.90748899,"23,425","11,739","11,686",19.68,65.85,14.46,80.14,283.25,292.29,21.37,5.72,0.81,7.5%,16.6%,9.1%,9.1%,,15.1%,None,Medio-baja,-6.001631463,,None,105.73,108.87,264.32,261.28
Libertador B O´Higgins,6,Graneros,6106,36504,18278,50,18226,50,8000,21.91540653,24643,67.50767039,3861,10.57692308,"37,793","18,923","18,870",21.18,66.88,11.94,112.25,325.20,336.68,10.81,9.63,1.26,7.0%,18.5%,10.3%,5.3%,,13.3%,None,Medio-baja,-4.66147532,,None,49.31,140.65,178.06,486.85
Libertador B O´Higgins,6,Las Cabras,6107,26749,13539,51,13210,49,5030,18.80444129,17878,66.83614341,3841,14.35941531,"27,520","13,920","13,600",18.02,65.91,16.06,750.51,35.64,36.67,61.13,8.31,1.85,13.3%,18.2%,11.1%,7.6%,,16.5%,None,Medio-baja,-0.259468954,,None,89.72,96.18,257.95,388.40
Libertador B O´Higgins,6,Machalí,6108,59913,29844,50,30069,50,14091,23.5191027,40397,67.42610118,5425,9.054796121,"63,642","31,661","31,981",22.70,67.10,10.20,"2,593.80",23.10,24.54,1.91,6.51,2.19,7.2%,18.0%,7.0%,3.0%,,12.9%,None,Medio-baja,-13.18384122,,None,65.09,79.99,190.28,246.51
Libertador B O´Higgins,6,Malloa,6109,14163,7145,50,7018,50,2524,17.8210831,9502,67.09030573,2137,15.08861117,"14,274","7,200","7,074",17.12,65.97,16.91,220.21,64.32,64.82,59.29,5.99,0.68,12.1%,23.9%,11.8%,9.8%,,13.4%,None,Medio-alta,1.114264087,,None,63.55,140.72,155.33,337.72
Libertador B O´Higgins,6,Mostazal,6110,27462,13754,50,13708,50,5653,20.5848081,18360,66.85601923,3449,12.55917267,"28,295","14,160","14,135",19.83,66.03,14.14,524.70,52.34,53.93,17.32,6.91,0.68,10.0%,26.2%,12.7%,7.3%,,21.0%,None,Medio-baja,-2.486718657,,None,50.98,162.07,167.50,475.42
Libertador B O´Higgins,6,Olivar,6111,14624,7351,50,7273,50,2888,19.74835886,10017,68.49699125,1719,11.75464989,"14,919","7,498","7,421",19.04,67.80,13.16,47.31,309.11,315.35,31.75,7.71,0.68,8.5%,25.9%,11.0%,8.0%,,18.4%,None,Medio-baja,-4.396941511,,None,75.22,183.22,253.01,475.03
Libertador B O´Higgins,6,Peumo,6112,14952,7504,50,7448,50,2804,18.75334403,9996,66.85393258,2152,14.39272338,"15,018","7,535","7,483",17.97,65.93,16.09,155.19,96.35,96.77,16.16,6.19,0.42,12.5%,24.3%,9.2%,7.7%,,10.8%,None,Medio-baja,-2.780880937,,None,140.45,113.43,240.77,627.21
Libertador B O´Higgins,6,Pichidegua,6113,20743,10471,50,10272,50,3747,18.06392518,13829,66.66827363,3167,15.26780119,"21,009","10,600","10,409",17.29,65.64,17.06,318.86,65.05,65.89,52.81,3.92,0.79,11.6%,24.2%,11.6%,10.9%,,13.0%,None,Medio-alta,0.985215013,,None,77.13,115.08,178.37,268.52
Libertador B O´Higgins,6,Quinta de Tilcoco,6114,13877,6963,50,6914,50,2547,18.35411112,9363,67.47135548,1967,14.1745334,"14,194","7,117","7,077",17.57,66.60,15.83,86.75,159.96,163.61,44.02,5.21,0.64,12.9%,29.7%,13.1%,9.0%,,14.8%,None,Medio-alta,0.849831389,,None,64.86,92.89,165.74,342.98
Libertador B O´Higgins,6,Rengo,6115,63710,31759,50,31951,50,12800,20.09103751,42757,67.11191336,8153,12.79704913,"65,318","32,530","32,788",19.34,66.28,14.38,584.54,108.99,111.74,21.89,6.83,1.10,10.2%,15.5%,10.5%,5.4%,,13.6%,None,Medio-baja,-3.668221332,,None,76.91,121.28,182.08,352.96
Libertador B O´Higgins,6,Requínoa,6116,30371,15263,50,15108,50,6307,20.76652069,20713,68.19992756,3351,11.03355174,"31,410","15,776","15,634",20.05,67.54,12.41,673.91,45.07,46.61,41.78,8.42,1.04,7.7%,26.9%,10.5%,3.0%,,16.8%,None,Medio-baja,-3.39280181,,None,49.39,87.81,164.63,387.00
Libertador B O´Higgins,6,San Vicente,6117,50617,25357,50,25260,50,9402,18.57478713,33655,66.48951933,7560,14.93569354,"51,910","26,001","25,909",17.79,65.51,16.70,484.27,104.52,107.19,43.96,5.21,1.24,7.1%,19.3%,9.1%,9.2%,,17.1%,None,Medio-baja,-4.060704948,,None,77.05,146.77,189.66,230.92
Libertador B O´Higgins,6,Pichilemu,6201,17882,9012,50,8870,50,3226,18.04048764,12058,67.43093614,2598,14.52857622,"18,587","9,365","9,222",17.24,66.54,16.22,715.67,24.99,25.97,21.29,6.70,2.30,4.1%,25.1%,10.8%,6.9%,,18.1%,None,Medio-baja,-8.617660139,,None,44.74,187.47,39.15,716.81
Libertador B O´Higgins,6,La Estrella,6202,3114,1588,51,1526,49,487,15.63904945,2007,64.45086705,620,19.91008349,"3,103","1,582","1,521",14.70,63.23,22.08,433.16,7.19,7.16,62.74,3.47,1.07,14.0%,21.7%,7.5%,9.7%,,15.9%,None,Medio-baja,-3.622393783,,None,0.00,96.37,32.11,224.86
Libertador B O´Higgins,6,Litueche,6203,6765,3438,51,3327,49,1130,16.70362158,4473,66.11973392,1162,17.17664449,"6,909","3,510","3,399",15.95,65.02,19.03,619.38,10.92,11.15,46.49,3.78,1.14,9.8%,21.2%,12.2%,9.4%,,27.8%,None,Medio-baja,-2.613117705,,None,29.56,161.29,103.47,483.87
Libertador B O´Higgins,6,Marchigüe,6204,7632,3838,50,3794,50,1258,16.48322851,4968,65.09433962,1406,18.42243187,"7,699","3,873","3,826",15.65,63.92,20.43,657.71,11.60,11.71,54.56,4.23,1.28,6.3%,19.4%,10.8%,9.2%,,16.7%,None,Medio-baja,-5.251929925,,None,91.72,195.92,91.72,313.48
Libertador B O´Higgins,6,Navidad,6205,6904,3503,51,3401,49,1042,15.09269988,4251,61.57300116,1611,23.33429896,"7,081","3,593","3,488",14.24,60.02,25.74,298.90,23.10,23.69,100.00,5.17,1.10,11.7%,31.3%,14.4%,12.3%,,20.6%,None,Medio-baja,-2.095433079,,None,57.94,258.32,101.39,502.30
Libertador B O´Higgins,6,Paredones,6206,6349,3229,51,3120,49,930,14.64797606,4084,64.32509057,1335,21.02693338,"6,284","3,199","3,085",13.88,62.83,23.30,574.08,11.06,10.95,70.23,3.16,0.44,14.8%,24.8%,13.6%,14.9%,,21.2%,None,Medio-alta,2.954393618,,None,15.75,94.71,63.00,552.49
Libertador B O´Higgins,6,San Fernando,6301,78642,38982,50,39660,50,15867,20.1762417,52502,66.76076397,10273,13.06299433,"80,547","39,890","40,657",19.40,65.94,14.67,"2,320.94",33.88,34.70,13.87,5.97,1.29,10.1%,18.3%,8.9%,6.8%,,13.6%,None,Medio-baja,-7.003515856,,None,34.33,132.32,223.80,582.21
Libertador B O´Higgins,6,Chépica,6302,15925,8008,50,7917,50,2799,17.57613815,10566,66.34850863,2560,16.07535322,"16,106","8,095","8,011",16.81,65.21,17.99,478.00,33.32,33.69,42.50,3.18,0.62,12.0%,28.0%,13.9%,8.9%,,16.4%,None,Medio-alta,1.907228456,,None,94.19,112.48,56.51,337.44
Libertador B O´Higgins,6,Chimbarongo,6303,37696,18958,50,18738,50,7214,19.137309,25488,67.61460102,4994,13.24808998,"38,288","19,243","19,045",18.42,66.70,14.87,508.76,74.09,75.26,42.13,4.93,0.48,15.9%,21.5%,10.7%,8.5%,,17.5%,None,Medio-alta,0.562661673,,None,45.10,134.44,159.17,519.31
Libertador B O´Higgins,6,Lolol,6304,7289,3678,50,3611,50,1184,16.24365482,4724,64.80998765,1381,18.94635753,"7,420","3,743","3,677",15.54,63.40,21.06,597.07,12.21,12.43,64.34,2.64,0.39,13.4%,21.9%,14.4%,11.5%,,22.0%,None,Medio-alta,1.225881747,,None,27.44,81.68,109.75,136.13
Libertador B O´Higgins,6,Nancagua,6305,19141,9560,50,9581,50,3648,19.05856538,12816,66.95574944,2677,13.98568518,"19,589","9,769","9,820",18.31,66.02,15.67,151.57,126.29,129.24,36.41,4.71,0.97,11.2%,15.7%,12.7%,8.9%,,15.5%,None,Medio-baja,-0.420268429,,None,52.24,145.01,135.83,621.47
Libertador B O´Higgins,6,Palmilla,6306,13299,6703,50,6596,50,2331,17.52763366,9087,68.32844575,1881,14.1439206,"13,534","6,822","6,712",16.79,67.38,15.83,235.23,56.54,57.54,72.25,5.07,0.53,9.1%,26.8%,10.1%,8.1%,,18.1%,None,Medio-baja,-1.364555689,,None,45.12,44.82,82.71,224.11
Libertador B O´Higgins,6,Peralillo,6307,11848,5948,50,5900,50,2066,17.4375422,7884,66.54287643,1898,16.01958136,"12,100","6,072","6,028",16.69,65.45,17.87,282.36,41.96,42.85,39.70,3.37,0.54,7.6%,18.6%,11.4%,7.2%,,15.8%,None,Medio-baja,-4.232819344,,None,42.20,108.82,42.20,284.61
Libertador B O´Higgins,6,Placilla,6308,9164,4611,50,4553,50,1650,18.00523789,6133,66.92492361,1381,15.0698385,"9,259","4,661","4,598",17.26,65.88,16.86,144.27,63.52,64.18,72.82,5.77,1.08,17.6%,21.2%,12.6%,9.6%,,19.0%,None,Medio-alta,2.459538099,,None,21.82,130.45,120.03,532.67
Libertador B O´Higgins,6,Pumanque,6309,3531,1789,51,1742,49,447,12.65930331,2321,65.73208723,763,21.60860946,"3,520","1,782","1,738",12.07,64.18,23.75,441.33,8.00,7.98,100.00,3.50,0.97,10.7%,24.7%,13.0%,12.4%,,14.7%,None,Medio-alta,2.719941764,,None,0.00,84.94,0.00,254.81
Libertador B O´Higgins,6,Santa Cruz,6310,41096,20458,50,20638,50,7704,18.74635001,27530,66.98948803,5862,14.26416196,"42,235","20,995","21,240",17.97,66.08,15.95,393.76,104.37,107.26,39.71,4.01,2.07,5.0%,15.9%,7.7%,6.7%,,10.6%,None,Medio-baja,-5.892005715,,None,90.03,79.50,124.10,334.85
Maule,7,Talca,7101,236724,115281,49,121443,51,43368,18.32006894,161987,68.42863419,31369,13.25129687,"241,064","116,964","124,100",17.78,67.40,14.83,232.01,"1,020.33","1,039.04",4.28,4.35,1.76,8.0%,17.1%,10.7%,5.7%,,10.6%,None,Medio-baja,-11.02758123,,None,50.69,124.61,229.38,383.48
Maule,7,Constitución,7102,50348,24969,50,25379,50,10635,21.12298403,34042,67.61341066,5671,11.26360531,"50,601","25,084","25,517",20.51,66.89,12.60,"1,334.39",37.73,37.92,19.09,5.44,0.62,7.5%,20.8%,11.0%,10.8%,,17.2%,None,Medio-baja,-6.053205276,,None,25.82,101.03,127.12,544.78
Maule,7,Curepto,7103,9426,4723,50,4703,50,1380,14.64035646,5921,62.81561638,2125,22.54402716,"9,209","4,609","4,600",14.00,61.22,24.78,"1,068.87",8.82,8.62,64.13,6.56,0.13,15.4%,31.5%,12.7%,14.1%,,12.5%,None,Medio-alta,5.760399524,,None,84.87,171.07,212.18,256.60
Maule,7,Empedrado,7104,4206,2130,51,2076,49,823,19.56728483,2781,66.11982882,602,14.31288635,"4,185","2,121","2,064",18.66,65.38,15.96,568.39,7.40,7.36,27.38,3.69,0.14,16.6%,37.6%,16.3%,12.6%,,18.1%,None,Medio-alta,0.840069994,,None,0.00,23.83,118.88,357.48
Maule,7,Maule,7105,60000,29401,49,30599,51,15020,25.03333333,40460,67.43333333,4520,7.533333333,"66,867","32,655","34,212",24.44,67.06,8.49,242.99,246.92,275.18,21.90,4.60,0.92,11.0%,31.1%,12.7%,9.1%,,11.0%,None,Medio-baja,-2.398698444,,None,26.67,88.15,108.33,224.38
Maule,7,Pelarco,7106,9083,4515,50,4568,50,1690,18.60618738,5923,65.20973247,1470,16.18408015,"9,331","4,632","4,699",17.85,64.11,18.04,330.84,27.45,28.20,69.28,2.99,0.49,16.0%,29.1%,14.2%,11.8%,,20.6%,None,Medio-alta,4.992492945,,None,33.03,185.37,77.07,447.06
Maule,7,Pencahue,7107,8601,4308,50,4293,50,1467,17.05615626,5658,65.78304848,1476,17.16079526,"8,625","4,317","4,308",16.41,64.58,19.01,956.38,8.99,9.02,58.30,2.13,0.40,8.5%,31.7%,12.4%,11.7%,,20.6%,None,Medio-baja,-0.871017423,,None,46.51,127.70,174.40,267.01
Maule,7,Río Claro,7108,14753,7418,50,7335,50,2697,18.28102759,9900,67.10499559,2156,14.61397682,"15,042","7,564","7,478",17.66,66.05,16.29,433.73,34.01,34.68,68.27,5.00,0.32,10.6%,27.8%,12.6%,9.4%,,20.8%,None,Medio-alta,1.755075331,,None,40.67,100.95,176.24,410.53
Maule,7,San Clemente,7109,46292,22916,50,23376,50,9356,20.21083557,30572,66.04164866,6364,13.74751577,"47,590","23,506","24,084",19.56,65.08,15.36,"4,500.09",10.29,10.58,49.93,4.37,0.55,16.7%,35.7%,14.9%,10.5%,,18.0%,None,Medio-alta,2.853196552,,None,34.56,151.87,101.53,278.07
Maule,7,San Rafael,7110,9959,4940,50,5019,50,2056,20.64464304,6515,65.41821468,1388,13.93714228,"10,294","5,099","5,195",20.04,64.39,15.57,262.29,37.97,39.25,45.95,5.37,0.45,7.0%,23.5%,13.0%,11.3%,,12.0%,None,Medio-alta,1.190291196,,None,30.12,198.45,261.07,674.74
Maule,7,Cauquenes,7201,44143,21500,49,22643,51,8281,18.75948622,27805,62.98846929,8057,18.25204449,"44,389","21,595","22,794",18.00,61.74,20.26,"2,127.23",20.75,20.87,18.12,2.88,0.36,20.0%,26.2%,13.1%,11.6%,,16.1%,None,Medio-alta,2.216659553,,None,61.16,167.22,226.54,659.84
Maule,7,Chanco,7202,9331,4622,50,4709,50,1692,18.1331047,6027,64.59114779,1612,17.27574751,"9,278","4,594","4,684",17.40,63.40,19.21,528.56,17.65,17.55,56.08,2.98,18.86,20.4%,43.4%,15.7%,14.3%,,22.8%,None,Alta,15.38428533,,None,42.87,107.31,310.79,783.35
Maule,7,Pelluhue,7203,8092,3999,49,4093,51,1543,19.06821552,5057,62.49382106,1492,18.43796342,"8,361","4,123","4,238",18.30,61.32,20.38,369.67,21.89,22.62,46.10,3.80,0.75,19.4%,30.0%,15.7%,12.8%,,20.2%,None,Medio-alta,2.807514613,,None,49.43,61.07,160.65,537.44
Maule,7,Curicó,7301,163626,80298,49,83328,51,32374,19.78536418,111546,68.17131752,19706,12.0433183,"169,681","83,208","86,473",19.20,67.34,13.46,"1,332.97",122.75,127.30,11.11,6.46,1.65,9.9%,15.2%,10.1%,7.3%,,17.4%,None,Medio-baja,-7.333010642,,None,77.62,176.76,229.18,327.59
Maule,7,Hualañé,7302,10222,5091,50,5131,50,1744,17.06124046,6589,64.45900998,1889,18.47974956,"10,230","5,092","5,138",16.41,63.17,20.42,631.99,16.17,16.19,40.53,5.74,0.39,21.4%,21.1%,12.7%,9.2%,,16.1%,None,Medio-alta,3.340394613,,None,39.13,185.69,127.18,371.38
Maule,7,Licantén,7303,6989,3479,50,3510,50,1236,17.68493347,4614,66.01802833,1139,16.2970382,"6,989","3,479","3,510",17.08,64.90,18.01,272.02,25.69,25.69,25.37,15.23,0.40,23.3%,24.3%,13.0%,7.4%,,14.4%,None,Medio-alta,0.289882117,,None,71.54,171.60,414.94,643.50
Maule,7,Molina,7304,49800,24496,49,25304,51,9769,19.61646586,33324,66.91566265,6707,13.46787149,"51,539","25,298","26,241",18.98,65.99,15.03,"1,518.12",32.80,33.95,18.83,6.51,0.57,13.1%,16.6%,13.0%,7.9%,,17.9%,None,Medio-baja,-0.178853147,,None,62.25,132.90,192.77,392.76
Maule,7,Rauco,7305,11248,5570,50,5678,50,2107,18.73221906,7435,66.10064011,1706,15.16714083,"11,632","5,752","5,880",18.07,65.04,16.88,309.26,36.37,37.61,47.24,4.22,0.52,18.1%,23.6%,14.0%,10.5%,,18.7%,None,Medio-alta,3.844996274,,None,88.90,105.41,195.59,210.82
Maule,7,Romeral,7306,16170,7989,49,8181,51,3129,19.35064935,10958,67.76747062,2083,12.88188002,"16,742","8,251","8,491",18.74,66.85,14.41,"1,603.28",10.09,10.44,57.01,7.87,0.70,11.7%,24.1%,12.0%,7.7%,,16.4%,None,Medio-alta,0.79970753,,None,55.66,103.85,179.34,195.48
Maule,7,Sagrada Familia,7307,19469,9691,50,9778,50,3538,18.17247933,13242,68.01582002,2689,13.81170065,"19,692","9,789","9,903",17.58,67.03,15.39,547.93,35.53,35.94,57.47,4.82,0.48,15.7%,19.9%,11.2%,8.8%,,16.6%,None,Medio-alta,1.69936062,,None,41.09,112.50,159.23,265.90
Maule,7,Teno,7308,30850,15391,50,15459,50,5786,18.75526742,20869,67.64667747,4195,13.59805511,"31,639","15,770","15,869",18.16,66.67,15.17,619.38,49.81,51.08,67.04,5.39,0.57,9.2%,20.6%,12.6%,7.5%,,18.7%,None,Medio-alta,1.187414368,,None,71.31,189.52,495.95,578.18
Maule,7,Vichuquén,7309,4381,2188,50,2193,50,715,16.32047478,2850,65.05364072,816,18.6258845,"4,329","2,156","2,173",15.68,63.71,20.61,451.92,9.69,9.58,72.47,12.46,0.57,17.1%,37.4%,14.0%,8.7%,,20.2%,None,Medio-baja,-0.924516284,,None,22.83,114.55,45.65,114.55
Maule,7,Linares,7401,101073,49120,49,51953,51,20152,19.93806457,66908,66.19769869,14013,13.86423674,"103,303","50,003","53,300",19.27,65.27,15.46,"1,466.86",68.90,70.42,17.02,4.30,0.87,11.3%,22.9%,10.9%,8.9%,,10.5%,None,Medio-baja,-3.673252971,,None,65.30,154.08,179.08,426.91
Maule,7,Colbún,7402,22565,11125,49,11440,51,4421,19.59228894,14828,65.71238644,3316,14.69532462,"23,262","11,443","11,819",18.91,64.72,16.37,"2,926.40",7.71,7.95,56.41,4.77,0.66,25.1%,30.5%,14.8%,11.8%,,20.4%,None,Medio-alta,4.64599755,,None,57.61,113.97,177.27,372.59
Maule,7,Longaví,7403,32810,16377,50,16433,50,6138,18.70771106,21944,66.88204816,4728,14.41024078,"33,467","16,690","16,777",18.06,65.88,16.06,"1,454.83",22.55,23.00,69.72,5.27,0.47,23.9%,37.3%,16.4%,11.6%,,21.5%,None,Medio-alta,7.530593302,,None,39.62,118.00,176.78,402.41
Maule,7,Parral,7404,44544,21797,49,22747,51,8927,20.04085848,28723,64.48230963,6894,15.4768319,"45,347","22,141","23,206",19.30,63.49,17.21,"1,637.58",27.20,27.69,26.04,3.35,0.67,16.9%,23.4%,14.0%,9.3%,,13.6%,None,Medio-alta,0.584950903,,None,26.94,120.42,188.58,459.37
Maule,7,Retiro,7405,21071,10464,50,10607,50,3965,18.81733188,13848,65.72065873,3258,15.4620094,"21,397","10,614","10,783",18.14,64.69,17.18,825.62,25.52,25.92,64.64,3.12,0.32,22.5%,31.9%,17.0%,12.2%,,18.9%,None,Medio-alta,7.016451244,,None,23.73,75.49,137.63,452.96
Maule,7,San Javier,7406,49451,24189,49,25262,51,9873,19.96521809,32398,65.51535864,7180,14.51942327,"50,985","24,860","26,125",19.30,64.49,16.21,"1,311.18",37.71,38.88,28.49,3.55,0.59,20.0%,29.4%,12.9%,9.7%,,15.5%,None,Medio-alta,2.458919117,,None,74.82,160.02,173.91,430.05
Maule,7,Villa Alegre,7407,17512,8562,49,8950,51,3319,18.95271814,11342,64.7670169,2851,16.28026496,"17,913","8,723","9,190",18.23,63.62,18.15,189.89,92.22,94.33,40.35,3.52,0.32,19.6%,30.5%,16.2%,9.8%,,13.3%,None,Medio-alta,2.474127652,,None,74.23,124.60,251.26,464.43
Maule,7,Yerbas Buenas,7408,19200,9551,50,9649,50,3833,19.96354167,12773,66.52604167,2594,13.51041667,"19,658","9,764","9,894",19.31,65.59,15.10,259.61,73.96,75.72,65.78,4.09,0.28,22.1%,32.9%,16.7%,11.6%,,16.7%,None,Medio-alta,5.958929193,,None,52.08,144.58,208.33,433.75
Biobío,8,Concepción,8101,238092,116039,49,122053,51,35082,14.73464039,170348,71.54713304,32662,13.71822657,"239,443","116,602","122,841",14.19,70.46,15.36,215.83,"1,103.15","1,109.41",2.02,8.95,1.75,7.7%,13.4%,10.9%,5.4%,,11.5%,None,Baja,-15.52855134,,None,60.90,144.14,245.28,525.01
Biobío,8,Coronel,8102,125829,61168,49,64661,51,26535,21.08814343,85696,68.1051268,13598,10.80672977,"128,253","62,207","66,046",20.32,67.57,12.11,272.91,461.06,469.95,2.74,12.15,0.50,11.4%,14.5%,13.8%,6.3%,,13.6%,None,Medio-baja,-5.352635892,,None,70.73,154.66,360.01,602.07
Biobío,8,Chiguayante,8103,91180,44128,48,47052,52,16790,18.4141259,63071,69.17196754,11319,12.41390656,"91,805","44,350","47,455",17.74,68.38,13.88,63.46,"1,436.71","1,446.56",0.09,8.95,0.76,8.7%,12.6%,10.9%,5.7%,,10.9%,None,Medio-baja,-10.81091897,,None,51.55,127.96,208.38,498.71
Biobío,8,Florida,8104,11841,5850,49,5991,51,1907,16.10505869,7747,65.42521746,2187,18.46972384,"11,868","5,860","6,008",15.28,64.30,20.42,605.49,19.56,19.60,57.08,4.28,0.37,15.9%,37.8%,16.0%,10.8%,,27.4%,None,Medio-alta,4.350718168,,None,42.23,143.40,253.36,396.46
Biobío,8,Hualqui,8105,26201,12746,49,13455,51,5326,20.32746842,17657,67.39055761,3218,12.28197397,"26,632","12,892","13,740",19.57,66.69,13.74,533.90,49.07,49.88,14.15,7.88,0.38,12.9%,22.2%,17.3%,10.3%,,20.9%,None,Medio-alta,0.341415818,,None,41.98,155.50,217.55,489.27
Biobío,8,Lota,8106,45750,22331,49,23419,51,8538,18.66229508,30829,67.38579235,6383,13.95191257,"45,490","22,194","23,296",17.93,66.52,15.55,114.73,398.77,396.51,0.25,12.34,0.42,18.1%,19.6%,14.4%,8.4%,,17.5%,None,Medio-baja,-1.098654243,,None,83.06,186.11,389.07,707.22
Biobío,8,Penco,8107,49865,24228,49,25637,51,9387,18.82482703,33964,68.11190214,6514,13.06327083,"50,125","24,322","25,803",18.09,67.32,14.59,107.41,464.24,466.66,0.99,9.04,0.37,8.6%,18.3%,12.5%,6.1%,,11.5%,None,Medio-baja,-5.158468324,,None,46.12,146.07,403.09,628.31
Biobío,8,San Pedro de la Paz,8108,145906,70744,48,75162,52,31766,21.77155155,100103,68.60787082,14037,9.620577632,"151,833","73,401","78,432",21.01,68.18,10.80,91.60,"1,592.92","1,657.62",0.09,9.70,1.16,12.2%,15.9%,12.2%,5.4%,,9.5%,None,Medio-baja,-11.16649344,,None,41.81,108.73,184.37,454.51
Biobío,8,Santa Juana,8109,14779,7246,49,7533,51,2821,19.08789499,9601,64.96379999,2357,15.94830503,"14,870","7,287","7,583",18.22,64.00,17.77,779.24,18.97,19.08,30.22,9.37,0.16,15.5%,29.7%,13.8%,12.8%,,19.3%,None,Medio-alta,4.381072003,,None,74.43,222.69,270.65,897.50
Biobío,8,Talcahuano,8110,158345,77112,49,81233,51,28154,17.78016357,109116,68.91029082,21075,13.30954561,"158,222","77,014","81,208",17.07,68.08,14.85,93.16,"1,699.66","1,698.34",0.94,8.30,0.58,7.9%,16.7%,11.5%,5.1%,,10.6%,None,Medio-baja,-10.09291648,,None,60.63,163.56,404.18,647.31
Biobío,8,Tomé,8111,58729,28466,48,30263,52,10567,17.99281445,38965,66.34711982,9197,15.66006573,"59,069","28,610","30,459",17.22,65.35,17.44,495.94,118.42,119.11,9.84,6.64,0.46,7.3%,21.7%,13.8%,8.0%,,15.3%,None,Medio-baja,-4.983842274,,None,47.68,142.68,292.87,504.48
Biobío,8,Hualpén,8112,97273,47151,48,50122,52,17420,17.908361,66492,68.35607003,13361,13.73556897,"97,902","47,378","50,524",17.20,67.45,15.35,45.56,"2,134.84","2,148.65",0.86,9.39,0.57,10.5%,11.0%,10.4%,3.2%,,9.7%,None,Medio-baja,-8.997993703,,None,54.49,163.02,304.30,685.90
Biobío,8,Lebu,8201,27100,13249,49,13851,51,5719,21.10332103,18085,66.73431734,3296,12.16236162,"27,146","13,267","13,879",20.29,66.14,13.57,560.31,48.37,48.45,8.01,28.80,0.26,13.2%,32.2%,17.3%,10.5%,,26.4%,None,Medio-alta,2.056804836,,None,59.04,184.31,107.01,309.64
Biobío,8,Arauco,8202,38679,18974,49,19705,51,7872,20.35212906,26091,67.45520825,4716,12.19266269,"38,890","19,066","19,824",19.56,66.82,13.62,956.88,40.42,40.64,24.65,17.17,0.27,15.9%,18.4%,13.0%,9.2%,,17.1%,None,Medio-baja,-0.581627814,,None,56.88,123.81,131.85,379.17
Biobío,8,Cañete,8203,37003,18007,49,18996,51,8120,21.94416669,24051,64.99743264,4832,13.05840067,"37,349","18,134","19,215",21.08,64.34,14.58,"1,087.08",34.04,34.36,43.56,36.33,0.46,15.8%,20.1%,18.6%,13.3%,,27.3%,None,Medio-alta,6.461922063,,None,48.64,201.94,291.87,953.18
Biobío,8,Contulmo,8204,6330,3126,49,3204,51,1208,19.08372828,4121,65.10268562,1001,15.8135861,"6,351","3,135","3,216",18.25,64.16,17.59,639.84,9.89,9.93,49.25,30.21,0.19,24.2%,30.0%,16.8%,12.3%,,23.3%,None,Medio-alta,7.722938918,,None,31.60,362.78,31.60,425.87
Biobío,8,Curanilahue,8205,33892,16615,49,17277,51,6852,20.21716039,22797,67.26366104,4243,12.51917857,"33,938","16,634","17,304",19.43,66.58,13.99,"1,001.71",33.83,33.88,6.55,14.92,0.20,12.3%,12.0%,13.6%,8.5%,,19.8%,None,Medio-baja,-4.35774629,,None,64.91,200.47,64.91,271.22
Biobío,8,Los Alamos,8206,22524,10988,49,11536,51,5158,22.90001776,14755,65.50790268,2611,11.59207956,"22,856","11,127","11,729",22.03,64.99,12.98,601.35,37.46,38.01,10.98,27.71,0.24,16.1%,26.7%,16.9%,11.1%,,19.5%,None,Medio-alta,2.604081813,,None,39.96,105.97,53.28,225.20
Biobío,8,Tirúa,8207,11019,5419,49,5600,51,2549,23.13277067,7298,66.23105545,1172,10.63617388,"11,088","5,446","5,642",22.35,65.74,11.91,626.71,17.58,17.69,64.12,71.17,0.11,26.1%,34.9%,21.3%,20.1%,,34.1%,None,Alta,18.54634679,,None,27.23,271.59,154.28,579.40
Biobío,8,Los Angeles,8301,218515,106494,49,112021,51,45218,20.69331625,147310,67.41413633,25987,11.89254742,"222,593","108,223","114,370",19.93,66.76,13.32,"1,751.04",124.79,127.12,25.33,6.27,0.78,17.4%,16.1%,13.4%,8.5%,,14.1%,None,Medio-baja,-4.047850079,,None,25.63,123.62,166.58,466.75
Biobío,8,Antuco,8302,4306,2108,49,2198,51,766,17.78913144,2781,64.58430098,759,17.62656758,"4,322","2,115","2,207",17.08,63.33,19.60,"1,958.69",2.20,2.21,49.01,7.06,0.80,28.8%,19.8%,14.7%,14.5%,,13.6%,None,Medio-alta,6.039941647,,None,46.45,185.53,162.56,278.29
Biobío,8,Cabrero,8303,30725,15078,49,15647,51,5924,19.28071603,20736,67.48901546,4065,13.23026851,"31,023","15,186","15,837",18.52,66.68,14.80,657.36,46.74,47.19,24.53,6.14,0.53,11.2%,14.1%,13.4%,10.4%,,17.0%,None,Medio-baja,-2.512754612,,None,39.06,97.27,107.40,470.14
Biobío,8,Laja,8304,23873,11681,49,12192,51,4730,19.81317807,15639,65.5091526,3504,14.67766933,"23,913","11,702","12,211",18.96,64.66,16.38,343.54,69.49,69.61,27.54,7.76,0.41,19.4%,25.1%,13.5%,11.3%,,16.3%,None,Medio-alta,1.561184111,,None,29.32,150.65,213.63,816.04
Biobío,8,Mulchén,8305,31041,15221,49,15820,51,6313,20.33761799,20273,65.31039593,4455,14.35198608,"31,109","15,264","15,845",19.49,64.48,16.03,"1,920.79",16.16,16.20,18.49,11.79,0.30,14.8%,24.4%,16.5%,12.2%,,22.5%,None,Medio-alta,3.292851747,,None,28.99,176.97,254.50,978.18
Biobío,8,Nacimiento,8306,27944,13731,49,14213,51,5712,20.44088176,18592,66.53306613,3640,13.0260521,"28,016","13,760","14,256",19.66,65.78,14.56,906.35,30.83,30.91,12.48,6.34,0.23,17.4%,25.7%,14.5%,11.0%,,11.9%,None,Medio-baja,-0.811920432,,None,42.94,160.82,221.87,796.97
Biobío,8,Negrete,8307,10429,5131,49,5298,51,2116,20.28957714,6887,66.03701218,1426,13.67341068,"10,539","5,182","5,357",19.54,65.17,15.30,155.36,67.13,67.84,37.81,8.44,0.23,17.9%,22.9%,15.2%,9.9%,,14.8%,None,Medio-alta,6.029095887,,None,19.18,95.47,163.01,649.23
Biobío,8,Quilaco,8308,4179,2069,50,2110,50,686,16.41541039,2595,62.09619526,898,21.48839435,"4,187","2,069","2,118",15.64,60.57,23.79,"1,126.78",3.71,3.72,53.11,11.79,0.12,21.1%,27.6%,19.7%,13.0%,,17.9%,None,Medio-alta,6.276536389,,None,0.00,167.22,23.93,573.34
Biobío,8,Quilleco,8309,10032,4930,49,5102,51,1781,17.75318979,6363,63.42703349,1888,18.81977671,"10,000","4,911","5,089",16.95,62.14,20.91,"1,123.51",8.93,8.90,41.73,4.36,0.26,16.0%,25.6%,18.4%,13.5%,,18.0%,None,Medio-alta,3.66796297,,None,49.84,189.56,49.84,488.88
Biobío,8,San Rosendo,8310,3611,1774,49,1837,51,650,18.00055386,2314,64.08197175,647,17.91747438,"3,565","1,751","1,814",17.25,62.92,19.83,92.24,39.15,38.65,14.80,4.62,0.27,20.8%,17.9%,18.2%,11.0%,,14.4%,None,Medio-alta,2.554440992,,None,27.69,166.90,193.85,445.06
Biobío,8,Santa Bárbara,8311,14592,7147,49,7445,51,2938,20.13432018,9445,64.72724781,2209,15.13843202,"14,657","7,171","7,486",19.29,63.85,16.85,"1,251.73",11.66,11.71,42.02,14.70,0.29,16.4%,24.4%,19.6%,14.7%,,18.0%,None,Medio-alta,6.326098411,,None,27.41,150.43,130.21,608.55
Biobío,8,Tucapel,8312,15205,7433,49,7772,51,2868,18.86221638,9779,64.31437027,2558,16.82341335,"15,379","7,508","7,871",18.01,63.31,18.68,911.23,16.69,16.88,15.90,4.70,0.25,15.8%,19.4%,14.4%,11.0%,,15.2%,None,Medio-baja,-1.140550162,,None,32.88,124.40,46.04,458.33
Biobío,8,Yumbel,8313,22132,10833,49,11299,51,3763,17.00253027,14310,64.65750949,4059,18.33996024,"22,194","10,860","11,334",16.19,63.53,20.28,728.61,30.38,30.46,40.04,4.98,0.36,21.0%,24.7%,16.5%,12.6%,,16.1%,None,Medio-alta,2.787545508,,None,49.70,148.93,135.55,667.93
Biobío,8,Alto Biobío,8314,6775,3360,50,3415,50,1870,27.60147601,4343,64.10332103,562,8.295202952,"6,803","3,374","3,429",26.75,63.90,9.35,"2,127.83",3.18,3.20,100.00,85.61,0.49,39.7%,60.7%,29.0%,22.1%,,38.9%,None,Alta,34.74869651,,None,29.52,220.95,324.72,839.59
Araucanía,9,Temuco,9101,302931,146719,48,156212,52,57034,18.82738974,210571,69.51120882,35326,11.66140144,"308,175","148,963","159,212",18.26,68.78,12.96,465.20,651.19,662.46,6.82,24.72,1.55,10.4%,16.5%,14.8%,8.6%,,13.9%,None,Medio-baja,-9.392109993,,None,37.96,119.39,214.24,447.40
Araucanía,9,Carahue,9102,25486,12612,49,12874,51,5211,20.44651966,16131,63.29357294,4144,16.2599074,"25,514","12,635","12,879",19.64,62.44,17.92,"1,334.77",19.09,19.11,45.98,41.92,0.37,24.4%,51.4%,22.9%,17.9%,,30.4%,None,Alta,14.48486443,,None,78.47,199.96,321.75,705.74
Araucanía,9,Cunco,9103,18055,8957,50,9098,50,3342,18.510108,11309,62.63638881,3404,18.85350318,"18,067","8,971","9,096",17.70,61.57,20.74,"1,891.44",9.55,9.55,49.52,31.64,1.03,19.7%,34.2%,20.7%,14.8%,,18.0%,None,Medio-alta,7.476820274,,None,38.77,138.39,227.08,498.20
Araucanía,9,Curarrehue,9104,7802,3900,50,3902,50,1744,22.35324276,4988,63.93232504,1070,13.7144322,"7,860","3,929","3,931",21.59,63.19,15.22,"1,165.87",6.69,6.74,69.61,67.32,2.38,22.8%,54.1%,24.8%,15.2%,,23.1%,None,Alta,18.86849674,,None,12.82,178.89,153.81,894.45
Araucanía,9,Freire,9105,25446,12647,50,12799,50,4792,18.83203647,16720,65.70777332,3934,15.46019021,"25,487","12,668","12,819",18.13,64.81,17.06,875.39,29.07,29.12,67.95,55.23,0.54,24.0%,34.1%,18.8%,14.4%,,25.0%,None,Alta,12.995292,,None,19.65,149.18,133.62,463.25
Araucanía,9,Galvarino,9106,12633,6284,50,6349,50,2709,21.44383757,7959,63.00166231,1965,15.55450012,"12,588","6,262","6,326",20.67,62.20,17.13,568.44,22.22,22.14,65.41,70.40,0.21,37.3%,54.4%,23.8%,16.8%,,39.9%,None,Alta,23.98280978,,None,55.41,301.04,498.69,1307.14
Araucanía,9,Gorbea,9107,15148,7396,49,7752,51,2614,17.25640349,9790,64.62899393,2744,18.11460259,"15,098","7,370","7,728",16.56,63.56,19.88,690.68,21.93,21.86,29.51,19.23,0.91,11.3%,30.2%,19.1%,12.8%,,19.8%,None,Medio-alta,4.699493467,,None,33.01,218.01,250.86,825.79
Araucanía,9,Lautaro,9108,40746,19885,49,20861,51,8665,21.26589113,26882,65.97457419,5199,12.75953468,"41,624","20,286","21,338",20.55,65.29,14.16,907.67,44.89,45.86,28.13,39.36,0.70,16.8%,22.1%,18.5%,8.8%,,19.5%,None,Medio-alta,4.377343147,,None,44.18,121.76,186.52,535.74
Araucanía,9,Loncoche,9109,24739,12137,49,12602,51,4998,20.20291847,15790,63.82634706,3951,15.97073447,"24,784","12,153","12,631",19.43,62.98,17.59,972.52,25.44,25.48,29.73,33.80,0.66,30.2%,31.1%,16.8%,12.3%,,15.7%,None,Medio-alta,8.593608373,,None,16.17,149.40,88.93,694.50
Araucanía,9,Melipeuco,9110,6265,3106,50,3159,50,1197,19.10614525,3885,62.01117318,1183,18.88268156,"6,309","3,127","3,182",18.31,60.93,20.76,"1,107.99",5.65,5.69,54.27,53.23,2.12,25.7%,40.6%,18.3%,15.7%,,17.6%,None,Alta,13.73349803,,None,15.96,143.24,175.58,381.98
Araucanía,9,Nueva Imperial,9111,33777,16532,49,17245,51,6997,20.71527963,21596,63.93699855,5184,15.34772182,"34,077","16,655","17,422",19.97,63.06,16.97,729.03,46.33,46.74,41.92,57.03,0.54,19.9%,43.5%,20.0%,12.8%,,23.6%,None,Alta,10.91882356,,None,53.29,177.00,257.57,946.96
Araucanía,9,Padre Las Casas,9112,82110,40110,49,42000,51,18022,21.94860553,55403,67.47412008,8685,10.57727439,"84,619","41,230","43,389",21.30,66.93,11.77,463.31,177.22,182.64,40.31,49.77,0.79,19.6%,36.2%,18.9%,12.7%,,19.8%,None,Medio-alta,6.49555771,,None,38.97,121.67,164.41,378.27
Araucanía,9,Perquenco,9113,7223,3556,49,3667,51,1479,20.4762564,4694,64.98684757,1050,14.53689603,"7,262","3,573","3,689",19.76,64.17,16.07,331.36,21.80,21.92,48.39,51.22,0.32,21.9%,33.6%,18.7%,14.1%,,23.2%,None,Alta,11.4348056,,None,55.38,193.34,290.74,745.75
Araucanía,9,Pitrufquén,9114,26096,12696,49,13400,51,4959,19.00291232,16843,64.54245861,4294,16.45462906,"26,499","12,862","13,637",18.26,63.63,18.11,577.35,45.20,45.90,33.44,34.68,0.77,10.6%,28.1%,15.9%,10.7%,,17.5%,None,Medio-alta,3.800581157,,None,22.99,186.70,114.96,743.00
Araucanía,9,Pucón,9115,29782,14677,49,15105,51,6198,20.81122826,20143,67.63481297,3441,11.55395877,"30,508","15,015","15,493",20.16,67.02,12.82,"1,249.07",23.84,24.42,35.65,28.71,3.63,8.9%,27.6%,15.3%,8.2%,,20.1%,None,Medio-baja,-2.085503961,,None,20.15,156.40,124.24,672.17
Araucanía,9,Saavedra,9116,12793,6297,49,6496,51,2642,20.65191902,7903,61.77597123,2248,17.57210975,"12,693","6,250","6,443",19.77,60.88,19.35,389.95,32.81,32.55,78.08,81.33,0.30,35.4%,54.2%,22.4%,24.3%,,44.5%,None,Alta,26.18082848,,None,31.27,297.71,336.12,1449.39
Araucanía,9,Teodoro Schmidt,9117,15786,7825,50,7961,50,3022,19.14354491,9896,62.68845813,2868,18.16799696,"15,759","7,810","7,949",18.30,61.76,19.94,653.55,24.15,24.11,64.09,53.93,0.44,27.5%,35.8%,21.9%,19.9%,,25.9%,None,Alta,19.13401726,,None,31.67,196.40,158.37,582.87
Araucanía,9,Toltén,9118,10055,5006,50,5049,50,1962,19.51268026,6383,63.4808553,1710,17.00646445,"9,966","4,963","5,003",18.72,62.59,18.68,850.01,11.83,11.72,60.21,43.90,0.59,35.1%,46.4%,19.6%,16.8%,,26.7%,None,Alta,17.01123104,,None,59.67,239.35,298.36,1057.15
Araucanía,9,Vilcún,9119,30766,15098,49,15668,51,6630,21.54976273,20301,65.98517844,3835,12.46505883,"32,238","15,774","16,464",20.85,65.31,13.84,"1,416.16",21.72,22.76,45.22,35.94,0.74,32.0%,43.6%,17.3%,11.7%,,22.7%,None,Alta,10.26366423,,None,32.50,108.77,139.76,636.64
Araucanía,9,Villarrica,9120,59103,28975,49,30128,51,12204,20.64869804,39196,66.3181226,7703,13.03317936,"60,327","29,549","30,778",19.93,65.64,14.43,"1,291.14",45.78,46.72,34.24,27.83,1.92,12.5%,27.5%,15.1%,7.7%,,15.7%,None,Medio-alta,0.309080892,,None,11.84,125.94,116.75,577.63
Araucanía,9,Cholchol,9121,12341,6104,49,6237,51,2697,21.85398266,7738,62.70156389,1906,15.44445345,"12,578","6,212","6,366",21.05,61.86,17.09,429.54,28.73,29.28,62.48,77.22,0.52,41.6%,54.2%,23.3%,19.7%,,36.5%,None,Alta,22.7625211,,None,40.52,225.32,243.09,490.87
Araucanía,9,Angol,9201,56058,27238,49,28820,51,11462,20.44668022,36811,65.66591744,7785,13.88740233,"56,644","27,441","29,203",19.69,64.98,15.33,"1,195.71",46.88,47.37,8.17,13.07,0.56,15.6%,21.3%,14.9%,9.0%,,19.6%,None,Medio-baja,-1.954979843,,None,78.49,179.43,301.47,206.08
Araucanía,9,Collipulli,9202,26148,12822,49,13326,51,5670,21.68425883,17022,65.09866911,3456,13.21707205,"26,468","12,941","13,527",20.92,64.44,14.63,"1,307.90",19.99,20.24,25.45,27.16,0.35,24.0%,36.6%,19.6%,13.1%,,22.1%,None,Medio-alta,8.709166982,,None,42.07,152.26,187.39,163.68
Araucanía,9,Curacautín,9203,18178,8864,49,9314,51,3469,19.08350754,11525,63.40081417,3184,17.51567829,"18,210","8,870","9,340",18.31,62.49,19.20,"1,660.00",10.95,10.97,26.27,14.33,1.41,14.2%,26.0%,20.2%,10.9%,,18.9%,None,Medio-alta,2.188070518,,None,22.00,175.86,82.52,379.20
Araucanía,9,Ercilla,9204,8458,4170,49,4288,51,1881,22.23930007,5289,62.5325136,1288,15.22818633,"8,405","4,146","4,259",21.40,61.77,16.82,498.68,16.96,16.85,52.93,53.31,0.22,26.7%,47.3%,23.7%,17.8%,,41.6%,None,Alta,19.15426487,,None,94.59,390.72,130.05,272.32
Araucanía,9,Lonquimay,9205,11049,5530,50,5519,50,2329,21.07883066,7196,65.12806589,1524,13.79310345,"11,101","5,556","5,545",20.29,64.41,15.30,"3,939.87",2.80,2.82,63.06,56.26,0.94,33.5%,54.9%,22.5%,18.4%,,32.0%,None,Alta,18.34966142,,None,63.35,198.72,117.66,180.65
Araucanía,9,Los Sauces,9206,7517,3716,49,3801,51,1386,18.43820673,4865,64.71996807,1266,16.8418252,"7,484","3,702","3,782",17.76,63.72,18.52,849.46,8.85,8.81,39.19,30.12,0.15,24.1%,37.3%,15.5%,17.4%,,25.5%,None,Alta,10.5329766,,None,0.00,79.89,186.24,119.84
Araucanía,9,Lumaco,9207,10050,5048,50,5002,50,2092,20.8159204,6358,63.26368159,1600,15.92039801,"9,947","4,999","4,948",19.98,62.50,17.52,"1,108.19",9.07,8.98,57.76,46.29,0.14,33.3%,47.2%,21.7%,21.5%,,34.1%,None,Alta,16.76314928,,None,19.90,199.70,89.55,349.48
Araucanía,9,Purén,9208,12188,5948,49,6240,51,2438,20.00328192,7775,63.79225468,1975,16.20446341,"12,118","5,907","6,211",19.22,62.99,17.79,463.55,26.29,26.14,36.05,28.32,0.16,17.7%,40.1%,21.6%,12.9%,,30.9%,None,Alta,11.06428228,,None,41.02,164.38,155.89,205.47
Araucanía,9,Renaico,9209,10833,5261,49,5572,51,2206,20.3637035,7180,66.27896243,1447,13.35733407,"10,964","5,305","5,659",19.57,65.65,14.78,265.12,40.86,41.35,18.52,12.50,0.34,18.6%,22.2%,17.9%,12.5%,,16.6%,None,Medio-alta,4.83332231,,None,73.85,137.82,175.39,147.00
Araucanía,9,Traiguén,9210,19314,9361,48,9953,52,3832,19.84053019,12156,62.93880087,3326,17.22066894,"19,287","9,344","9,943",19.02,62.06,18.92,897.69,21.52,21.49,23.84,30.86,0.34,21.3%,32.3%,18.2%,14.1%,,21.1%,None,Medio-alta,9.170755016,,None,51.78,248.51,62.13,383.12
Araucanía,9,Victoria,9211,35467,17258,49,18209,51,6709,18.9161756,23374,65.90351594,5384,15.18030846,"35,541","17,293","18,248",18.21,65.04,16.75,"1,260.47",28.14,28.20,27.28,27.87,0.61,22.5%,32.6%,17.9%,14.3%,,19.3%,None,Medio-alta,3.740188613,,None,53.57,177.40,93.04,166.14
Los Lagos,10,Puerto Montt,10101,269398,133896,50,135502,50,55492,20.59851966,189030,70.16755878,24876,9.233921558,"278,255","138,164","140,091",19.60,70.02,10.37,"1,674.01",160.93,166.22,10.48,21.84,1.39,11.4%,20.3%,10.5%,6.5%,,15.5%,None,Medio-baja,-7.192181386,,None,27.84,128.41,178.92,522.10
Los Lagos,10,Calbuco,10102,36744,18475,50,18269,50,7275,19.79915088,24354,66.28020901,5115,13.9206401,"37,429","18,812","18,617",18.68,65.80,15.52,587.70,62.52,63.69,52.93,30.75,0.82,13.5%,41.1%,11.3%,8.5%,,33.1%,None,Medio-alta,6.40759887,,None,29.94,154.07,106.14,508.15
Los Lagos,10,Cochamó,10103,4006,2066,52,1940,48,640,15.97603595,2640,65.90114828,726,18.12281578,"3,960","2,039","1,921",14.82,65.10,20.08,"3,933.14",1.02,1.01,100.00,16.01,2.00,13.6%,34.1%,17.1%,10.8%,,22.7%,None,Medio-alta,7.137013073,,None,0.00,200.45,49.93,476.07
Los Lagos,10,Fresia,10104,12656,6353,50,6303,50,2218,17.52528445,8374,66.16624526,2064,16.30847029,"12,593","6,322","6,271",16.41,65.52,18.07,"1,274.17",9.93,9.88,40.21,23.84,0.39,18.0%,32.6%,19.1%,11.2%,,28.6%,None,Medio-alta,6.801194284,,None,55.31,245.29,181.73,759.61
Los Lagos,10,Frutillar,10105,20223,10082,50,10141,50,3969,19.62616822,13658,67.53696286,2596,12.83686891,"20,678","10,314","10,364",18.49,67.19,14.32,828.12,24.42,24.97,29.72,25.55,0.95,10.4%,26.4%,12.1%,5.8%,,20.3%,None,Medio-baja,-0.456833756,,None,24.72,206.01,158.24,745.57
Los Lagos,10,Los Muermos,10106,17817,8989,50,8828,50,3304,18.54408711,11637,65.31402593,2876,16.14188696,"17,831","8,996","8,835",17.38,64.72,17.90,"1,220.97",14.59,14.60,52.51,16.49,0.41,10.4%,34.3%,16.6%,11.6%,,29.2%,None,Medio-alta,5.96695357,,None,11.23,129.01,129.09,465.56
Los Lagos,10,Llanquihue,10107,18621,9249,50,9372,50,3526,18.93561033,12706,68.23478868,2389,12.82960099,"18,811","9,340","9,471",17.88,67.84,14.28,433.09,43.00,43.43,19.15,30.99,0.70,13.7%,21.3%,12.3%,5.9%,,18.0%,None,Medio-baja,-0.558883535,,None,64.44,160.48,102.04,743.55
Los Lagos,10,Maullín,10108,14894,7533,51,7361,49,2483,16.67114274,9778,65.65059756,2633,17.6782597,"14,775","7,472","7,303",15.59,64.85,19.56,806.48,18.47,18.32,53.39,22.18,0.37,16.4%,30.8%,13.2%,12.7%,,30.2%,None,Medio-alta,5.388250988,,None,33.57,222.09,322.28,686.45
Los Lagos,10,Puerto Varas,10109,48620,24108,50,24512,50,10221,21.02221308,33231,68.34841629,5168,10.62937063,"50,669","25,102","25,567",19.88,68.23,11.88,"4,020.14",12.09,12.60,27.74,19.10,2.20,5.9%,21.1%,8.4%,2.1%,,14.0%,None,Medio-baja,-8.79511471,,None,18.51,72.97,94.61,389.20
Los Lagos,10,Castro,10201,47607,23585,50,24022,50,9416,19.77860399,32575,68.42481148,5616,11.79658454,"48,482","23,979","24,503",18.71,68.14,13.14,467.16,101.91,103.78,22.29,29.09,1.56,10.1%,23.2%,9.0%,3.2%,,18.2%,None,Medio-baja,-3.309409663,,None,12.60,146.03,52.51,481.91
Los Lagos,10,Ancud,10202,42458,21128,50,21330,50,7879,18.55716237,28553,67.24998822,6026,14.1928494,"42,516","21,163","21,353",17.46,66.79,15.75,"1,738.53",24.42,24.46,27.51,28.78,0.96,14.5%,25.0%,12.1%,5.5%,,23.0%,None,Medio-alta,1.417602526,,None,23.55,207.09,131.90,720.10
Los Lagos,10,Chonchi,10203,16013,7996,50,8017,50,2988,18.65983888,10988,68.61924686,2037,12.72091426,"16,213","8,069","8,144",17.64,68.23,14.13,"1,365.17",11.73,11.88,61.54,39.71,0.88,12.8%,34.5%,13.2%,9.3%,,28.4%,None,Medio-alta,5.600326336,,None,24.98,205.07,68.69,503.36
Los Lagos,10,Curaco de Vélez,10204,4066,2007,49,2059,51,790,19.42941466,2598,63.89572061,678,16.67486473,"4,120","2,031","2,089",18.20,63.28,18.52,79.28,51.29,51.97,71.12,31.49,0.70,13.8%,31.6%,14.6%,9.5%,,26.3%,None,Alta,9.901860002,,None,49.19,97.90,73.78,1003.43
Los Lagos,10,Dalcahue,10205,15069,7557,50,7512,50,3053,20.2601367,10137,67.27055544,1879,12.46930785,"15,368","7,692","7,676",19.16,66.91,13.93,"1,228.89",12.26,12.51,47.68,28.84,0.86,11.6%,25.3%,11.8%,9.3%,,28.6%,None,Medio-alta,3.907152627,,None,19.91,138.36,26.54,494.14
Los Lagos,10,Puqueldón,10206,4201,2112,50,2089,50,706,16.80552249,2740,65.22256606,755,17.97191145,"4,191","2,109","2,082",15.77,64.42,19.80,95.90,43.81,43.70,100.00,32.25,0.60,13.8%,38.6%,10.7%,17.8%,,24.2%,None,Alta,11.74570529,,None,23.80,261.97,95.22,428.67
Los Lagos,10,Queilén,10207,5543,2798,50,2745,50,1059,19.1051777,3689,66.55240844,795,14.34241386,"5,543","2,798","2,745",18.00,66.07,15.93,330.24,16.78,16.78,56.86,51.70,0.67,19.8%,41.3%,14.1%,12.3%,,29.3%,None,Alta,16.02945965,,None,18.04,306.47,18.04,288.44
Los Lagos,10,Quellón,10208,29309,14772,50,14537,50,6461,22.04442321,20509,69.97509297,2339,7.98048381,"29,942","15,090","14,852",20.99,70.05,8.96,"3,344.60",8.76,8.95,34.49,49.35,1.51,13.1%,36.3%,11.9%,9.0%,,29.9%,None,Medio-alta,4.506092029,,None,10.24,155.73,47.77,951.32
Los Lagos,10,Quemchi,10209,8783,4425,50,4358,50,1585,18.04622566,5711,65.02334054,1487,16.93043379,"8,760","4,412","4,348",16.87,64.41,18.72,440.70,19.93,19.88,69.92,38.57,0.82,20.3%,39.8%,10.0%,12.4%,,23.4%,None,Medio-alta,9.583969909,,None,11.39,68.34,34.16,432.85
Los Lagos,10,Quinchao,10210,8298,4092,49,4206,51,1522,18.3417691,5420,65.31694384,1356,16.34128706,"8,212","4,047","4,165",17.21,64.71,18.08,157.69,52.62,52.08,60.32,50.51,0.66,27.0%,43.4%,14.2%,12.4%,,25.2%,None,Alta,14.8821885,,None,12.05,157.16,120.51,1402.32
Los Lagos,10,Osorno,10301,173410,85181,49,88229,51,33115,19.09636122,118216,68.17138573,22079,12.73225304,"175,670","86,196","89,474",18.03,67.77,14.19,954.96,181.59,183.95,8.44,29.83,1.00,8.5%,22.0%,10.5%,6.2%,,14.2%,None,Medio-baja,-5.050890041,,None,51.90,173.30,220.86,573.83
Los Lagos,10,Puerto Octay,10302,9192,4677,51,4515,49,1680,18.2767624,6255,68.04830287,1257,13.67493473,"9,089","4,621","4,468",17.21,67.60,15.19,"1,793.45",5.13,5.07,77.19,33.78,1.07,14.0%,27.4%,13.8%,7.5%,,30.7%,None,Medio-alta,8.357180228,,None,32.64,131.02,152.31,600.50
Los Lagos,10,Purranque,10303,21080,10466,50,10614,50,3944,18.70967742,13690,64.943074,3446,16.34724858,"20,998","10,426","10,572",17.53,64.34,18.13,"1,450.36",14.53,14.48,29.29,28.01,0.69,11.2%,29.5%,11.6%,8.6%,,25.8%,None,Medio-alta,4.46709445,,None,71.16,194.68,284.63,674.26
Los Lagos,10,Puyehue,10304,11787,5920,50,5867,50,2129,18.06227199,7829,66.4206329,1829,15.5170951,"11,813","5,933","5,880",16.96,65.85,17.19,"1,642.28",7.18,7.19,57.16,34.16,0.76,12.2%,30.1%,14.7%,9.6%,,23.9%,None,Medio-alta,5.735428607,,None,50.90,237.29,169.68,635.59
Los Lagos,10,Río Negro,10305,14275,7145,50,7130,50,2543,17.81436077,9281,65.01576182,2451,17.16987741,"14,133","7,078","7,055",16.66,64.40,18.94,"1,267.15",11.27,11.15,50.42,35.53,0.42,15.3%,27.9%,13.3%,8.3%,,23.0%,None,Medio-alta,6.869952717,,None,63.05,238.95,196.15,625.48
Los Lagos,10,San Juan de la Costa,10306,7639,3936,52,3703,48,1226,16.0492211,4885,63.94816075,1528,20.00261814,"7,482","3,849","3,633",14.88,63.14,21.99,"1,518.12",5.03,4.93,84.42,79.49,0.30,32.1%,53.3%,22.2%,12.9%,,38.9%,None,Alta,23.60249396,,None,78.54,487.48,392.72,1475.63
Los Lagos,10,San Pablo,10307,10553,5281,50,5272,50,1825,17.29366057,6790,64.3418933,1938,18.36444613,"10,543","5,275","5,268",16.21,63.55,20.24,627.52,16.82,16.80,54.05,43.89,0.66,16.6%,31.6%,12.3%,9.8%,,25.5%,None,Alta,11.3444803,,None,56.86,303.15,199.00,653.66
Los Lagos,10,Chaitén,10401,5020,2610,52,2410,48,901,17.94820717,3492,69.56175299,627,12.49003984,"5,061","2,626","2,435",16.95,69.16,13.89,"8,290.48",0.61,0.61,67.60,26.79,1.08,12.2%,26.7%,10.3%,9.0%,,24.7%,None,Medio-baja,-1.947658739,,None,0.00,39.74,39.84,456.98
Los Lagos,10,Futaleufú,10402,2806,1411,50,1395,50,512,18.2466144,1910,68.0684248,384,13.6849608,"2,889","1,455","1,434",17.03,67.77,15.20,"1,236.58",2.27,2.34,29.17,18.88,6.09,10.7%,28.7%,13.4%,5.6%,,22.7%,None,Medio-baja,-3.078204561,,None,0.00,70.55,71.28,493.83
Los Lagos,10,Hualaihué,10403,9525,4848,51,4677,49,1994,20.9343832,6356,66.72965879,1175,12.33595801,"9,579","4,871","4,708",19.74,66.50,13.76,"2,892.82",3.29,3.31,59.29,35.12,0.41,17.0%,29.4%,12.8%,10.4%,,26.2%,None,Medio-alta,6.909013604,,None,31.50,157.13,104.99,565.68
Los Lagos,10,Palena,10404,1827,919,50,908,50,298,16.31089217,1224,66.99507389,305,16.69403394,"1,824",918,906,15.73,65.79,18.48,"2,656.28",0.69,0.69,37.17,19.67,3.37,10.0%,23.9%,12.9%,9.1%,,20.5%,None,Medio-baja,-1.750943626,,None,0.00,164.29,0.00,821.47
Aysén,11,Coyhaique,11101,61210,30555,50,30655,50,13561,22.15487665,41391,67.62130371,6258,10.22381964,"61,885","30,776","31,109",20.90,67.51,11.59,"7,278.13",8.41,8.50,13.58,26.06,2.18,2.8%,18.1%,5.9%,2.9%,,14.0%,None,Medio-baja,-7.88747119,,None,21.24,89.44,102.92,489.46
Aysén,11,Lago Verde,11102,920,494,54,426,46,152,16.52173913,621,67.5,147,15.97826087,915,486,429,15.30,66.67,18.03,"5,437.76",0.17,0.17,100.00,27.64,2.83,12.0%,25.0%,6.1%,0.9%,,18.0%,None,Medio-baja,-2.444203688,,None,0.00,108.81,0.00,108.81
Aysén,11,Aysén,11201,25002,12786,51,12216,49,5601,22.40220782,16877,67.50259979,2524,10.09519238,"25,180","12,839","12,341",21.18,67.34,11.49,"29,906.07",0.84,0.84,15.24,34.14,1.49,6.8%,19.4%,6.9%,5.3%,,12.8%,None,Medio-baja,-2.44646474,,None,0.00,111.62,87.99,637.83
Aysén,11,Cisnes,11202,5828,3020,52,2808,48,1247,21.39670556,4009,68.78860673,572,9.814687714,"5,865","3,032","2,833",20.24,68.75,11.01,"15,408.50",0.38,0.38,36.87,31.64,1.34,6.5%,17.7%,8.3%,5.0%,,12.3%,None,Medio-baja,-6.484134907,,None,34.32,85.54,102.95,872.54
Aysén,11,Guaitecas,11203,1599,838,52,761,48,347,21.70106316,1111,69.48092558,141,8.818011257,"1,608",841,767,20.65,69.59,9.76,631.38,2.53,2.55,7.49,51.04,1.02,12.2%,23.8%,7.3%,6.1%,,22.2%,None,Medio-baja,-5.513314091,,None,0.00,62.34,0.00,498.75
Aysén,11,Cochrane,11301,3685,1910,52,1775,48,760,20.62415197,2514,68.22252374,411,11.15332429,"3,731","1,924","1,807",19.46,67.92,12.62,"8,634.17",0.43,0.43,18.60,19.63,1.39,5.9%,21.8%,9.8%,6.3%,,14.3%,None,Medio-baja,-8.507998853,,None,0.00,27.00,54.27,242.98
Aysén,11,O'Higgins,11302,661,350,53,311,47,138,20.8774584,475,71.86081694,48,7.26172466,672,353,319,19.79,71.88,8.33,"7,750.71",0.09,0.09,100.00,29.67,1.87,8.2%,24.9%,1.4%,9.2%,,12.1%,None,Medio-baja,-12.68546499,,None,0.00,0.00,151.29,300.75
Aysén,11,Tortel,11303,572,294,51,278,49,134,23.42657343,391,68.35664336,47,8.216783217,582,297,285,21.99,68.21,9.79,"20,106.43",0.03,0.03,100.00,38.95,0.72,14.5%,27.3%,5.9%,4.6%,,12.3%,None,Medio-baja,-4.283600468,,None,0.00,0.00,0.00,173.61
Aysén,11,Chile Chico,11401,5121,2625,51,2496,49,983,19.19546963,3445,67.27201718,693,13.53251318,"5,157","2,636","2,521",17.90,66.88,15.22,"5,747.37",0.89,0.90,35.01,25.01,3.39,5.3%,20.1%,6.4%,6.2%,,16.3%,None,Medio-baja,-6.014456491,,None,0.00,77.85,136.69,525.50
Aysén,11,Río Ibáñez,11402,2699,1404,52,1295,48,423,15.67247129,1774,65.72804742,502,18.59948129,"2,711","1,408","1,303",14.75,64.63,20.62,"5,990.94",0.45,0.45,100.00,29.85,1.91,6.5%,26.9%,14.5%,7.0%,,18.8%,None,Medio-alta,1.298342007,,None,0.00,147.87,0.00,332.72
Magallanes,12,Punta Arenas,12101,141984,71716,51,70268,49,25738,18.12739464,98582,69.43176696,17664,12.4408384,"144,938","73,265","71,673",17.27,68.91,13.82,"17,768.88",7.99,8.16,4.30,21.88,2.52,2.1%,10.3%,5.4%,3.5%,,7.1%,None,Medio-baja,-14.30964633,,None,133.82,169.69,395.11,277.22
Magallanes,12,Laguna Blanca,12102,264,155,59,109,41,50,18.93939394,182,68.93939394,32,12.12121212,252,149,103,17.06,69.84,13.10,"3,497.79",0.08,0.07,100.00,23.70,1.10,2.9%,2.7%,5.0%,2.3%,,0.4%,None,Medio-baja,0,,None,0.00,0.00,0.00,772.20
Magallanes,12,Río Verde,12103,211,132,63,79,37,16,7.582938389,161,76.30331754,34,16.11374408,205,129,76,7.32,75.12,17.56,"9,158.58",0.02,0.02,100.00,23.54,4.19,0.7%,9.0%,13.2%,2.8%,,0.1%,None,Medio-baja,0,,None,0.00,0.00,0.00,0.00
Magallanes,12,San Gregorio,12104,681,378,56,303,44,119,17.4743025,493,72.39353891,69,10.13215859,658,366,292,16.72,72.49,10.79,"6,742.96",0.10,0.10,100.00,18.88,0.43,1.3%,5.8%,7.8%,8.1%,,9.4%,None,Baja,-29.79620291,,None,0.00,148.37,293.69,148.37
Magallanes,12,Cabo de Hornos,12201,1983,1022,52,961,48,538,27.13061019,1373,69.23852748,72,3.63086233,"1,973","1,018",955,26.00,70.05,3.95,"15,811.22",0.13,0.12,9.16,21.01,1.48,2.9%,14.6%,3.1%,1.2%,,1.6%,None,Medio-baja,-14.32243804,,None,0.00,0.00,1059.00,252.14
Magallanes,12,Antártica,12202,137,89,65,48,35,19,13.86861314,116,84.67153285,2,1.459854015,148,97,51,12.84,86.49,0.68,,#DIV/0!,,100.00,8.70,0.81,,,,,,,None,,,,None,0.00,1418.44,0.00,709.22
Magallanes,12,Porvenir,12301,7323,3956,54,3367,46,1339,18.28485593,5206,71.09108289,778,10.62406118,"7,570","4,090","3,480",17.44,70.62,11.94,"7,347.95",1.00,1.03,10.87,27.19,3.38,2.1%,8.3%,8.2%,3.6%,,12.4%,None,Baja,-14.62304738,,None,122.90,188.65,559.88,660.29
Magallanes,12,Primavera,12302,694,388,56,306,44,111,15.99423631,530,76.36887608,53,7.636887608,679,379,300,15.61,75.41,8.98,"4,284.45",0.16,0.16,100.00,22.44,1.99,2.3%,8.2%,8.4%,1.3%,,8.0%,None,Baja,-24.12894325,,None,0.00,0.00,144.09,580.55
Magallanes,12,Timaukel,12303,282,180,64,102,36,36,12.76595745,226,80.14184397,20,7.092198582,278,177,101,12.95,79.50,7.55,"11,018.56",0.03,0.03,100.00,19.85,2.10,0.4%,0.6%,5.2%,6.4%,,3.4%,None,Baja,-41.27265451,,None,0.00,0.00,51773.05,68327.40
Magallanes,12,Natales,12401,23782,12088,51,11694,49,4353,18.30375915,16096,67.68143974,3333,14.01480111,"24,447","12,422","12,025",17.36,67.11,15.53,"48,695.37",0.49,0.50,10.70,30.22,3.91,2.3%,14.1%,6.5%,3.1%,,4.6%,None,Medio-baja,-7.709903231,,None,121.94,195.47,4.20,4.16
Magallanes,12,Torres del Paine,12402,1021,571,56,450,44,65,6.366307542,889,87.07149853,67,6.562193928,"1,069",594,475,6.17,86.25,7.58,"6,514.93",0.16,0.16,100.00,14.85,8.76,0.3%,1.8%,6.9%,5.3%,,3.3%,None,Baja,-32.5265848,,None,0.00,0.00,0.00,0.00
Metropolitana,13,Santiago,13101,503147,252429,50,250718,50,57606,11.44913912,405979,80.68795004,39562,7.862910839,"536,089","270,219","265,870",11.32,80.03,8.65,23.14,"21,748.08","23,171.97",0.00,8.35,25.18,4.1%,9.6%,8.4%,3.9%,,16.5%,None,Baja,-16.70111295,,None,96.00,80.42,336.08,505.92
Metropolitana,13,Cerrillos,13102,88956,43990,49,44966,51,17287,19.43320293,61274,68.88124466,10395,11.68555241,"90,060","44,542","45,518",19.09,68.11,12.80,16.78,"5,301.42","5,367.22",0.00,11.45,4.64,6.5%,27.4%,9.0%,5.2%,,22.6%,None,Medio-baja,-6.237726238,,None,127.03,145.22,458.65,471.40
Metropolitana,13,Cerro Navia,13103,142465,70683,50,71782,50,26996,18.9492156,97070,68.13603341,18399,12.91475099,"140,581","69,892","70,689",18.60,67.23,14.16,11.10,"12,837.74","12,667.97",0.00,16.27,4.78,7.6%,34.6%,12.9%,6.0%,,23.0%,None,Medio-alta,2.115020036,,None,264.63,245.25,552.42,581.15
Metropolitana,13,Conchalí,13104,139195,68840,49,70355,51,24821,17.83181867,94535,67.91551421,19839,14.25266712,"137,678","68,190","69,488",17.46,66.95,15.58,11.11,"12,529.07","12,392.52",0.00,10.45,7.32,7.4%,29.4%,12.5%,6.1%,,18.7%,None,Medio-baja,-1.462730367,,None,229.17,207.33,528.75,524.41
Metropolitana,13,El Bosque,13105,172000,84997,49,87003,51,33513,19.48430233,116554,67.76395349,21933,12.75174419,"170,536","84,384","86,152",19.12,66.90,13.98,14.32,"12,007.48","11,905.28",0.00,12.26,2.42,9.6%,22.7%,12.6%,6.2%,,17.5%,None,Medio-baja,-2.212827998,,None,170.93,182.78,345.35,574.54
Metropolitana,13,Estación Central,13106,206792,103730,50,103062,50,33182,16.04607528,149099,72.10095168,24511,11.85297304,"219,897","110,596","109,301",15.78,71.21,13.00,14.35,"14,407.32","15,320.35",0.00,11.07,15.42,5.8%,23.5%,11.7%,5.0%,,22.8%,None,Medio-baja,-2.691679131,,None,111.22,110.04,271.29,407.05
Metropolitana,13,Huechuraba,13107,112528,55399,49,57129,51,25307,22.48951372,76173,67.69248543,11048,9.818000853,"117,121","57,745","59,376",22.06,67.15,10.79,44.90,"2,506.29","2,608.58",0.10,10.02,4.87,5.6%,28.8%,8.3%,4.3%,,18.6%,None,Medio-baja,-6.940444553,,None,170.62,170.38,391.90,332.89
Metropolitana,13,Independencia,13108,142065,71278,50,70787,50,22775,16.03139408,103512,72.86242213,15778,11.10618379,"151,890","76,511","75,379",15.79,72.02,12.19,7.36,"19,314.22","20,649.97",0.00,7.44,28.76,8.5%,20.9%,13.9%,5.8%,,22.4%,None,Medio-alta,0.880968508,,None,247.07,138.16,537.78,371.14
Metropolitana,13,La Cisterna,13109,100434,49492,49,50942,51,17077,17.00320609,68480,68.18408109,14877,14.81271283,"101,377","50,086","51,291",16.62,67.24,16.15,9.98,"10,064.40","10,158.89",0.00,9.33,5.26,6.6%,17.8%,7.8%,4.1%,,13.5%,None,Medio-baja,-10.68101457,,None,179.22,204.70,413.21,562.66
Metropolitana,13,La Florida,13110,402433,197604,49,204829,51,70663,17.5589477,278144,69.11560434,53626,13.32544796,"406,796","200,283","206,513",17.18,68.25,14.56,70.82,"5,682.26","5,743.87",0.03,10.46,3.57,4.5%,19.0%,8.0%,3.5%,,13.2%,None,Medio-baja,-12.76785948,,None,159.03,158.20,441.07,552.83
Metropolitana,13,La Granja,13111,122557,60658,49,61899,51,22716,18.535049,84508,68.95403771,15333,12.51091329,"120,249","59,678","60,571",18.20,68.13,13.68,10.09,"12,147.35","11,918.59",0.00,12.79,2.93,4.8%,21.9%,11.9%,6.0%,,22.3%,None,Medio-baja,-2.402808417,,None,225.20,202.41,526.29,549.05
Metropolitana,13,La Pintana,13112,189335,93550,49,95785,51,42607,22.50349909,128475,67.85591676,18253,9.64058415,"189,151","93,567","95,584",22.17,67.23,10.61,30.45,"6,217.62","6,211.58",0.00,16.00,1.56,14.1%,32.7%,15.3%,9.3%,,27.0%,None,Medio-alta,4.568963559,,None,229.75,174.18,503.34,476.63
Metropolitana,13,La Reina,13113,100252,48824,49,51428,51,17444,17.40015162,67537,67.36723457,15271,15.23261381,"99,686","48,693","50,993",16.99,66.43,16.58,23.44,"4,277.31","4,253.16",0.00,6.45,5.59,1.0%,6.9%,4.7%,1.6%,,4.9%,None,Baja,-19.98604605,,None,114.71,131.40,180.55,307.59
Metropolitana,13,Las Condes,13114,330759,160872,49,169887,51,49059,14.83224946,228736,69.15488316,52964,16.01286737,"341,183","166,299","174,884",14.49,68.08,17.43,99.04,"3,339.61","3,444.86",0.00,3.35,10.08,0.2%,4.2%,2.8%,0.9%,,4.4%,None,Baja,-25.90404937,,None,122.14,95.14,230.38,273.79
Metropolitana,13,Lo Barnechea,13115,124076,60065,48,64011,52,28756,23.17611786,85330,68.77236532,9990,8.051516812,"129,790","63,037","66,753",22.87,68.27,8.86,"1,023.19",121.26,126.85,2.55,5.10,9.88,2.8%,17.2%,5.5%,0.9%,,10.9%,None,Baja,-14.45752639,,None,76.57,68.60,187.79,275.99
Metropolitana,13,Lo Espejo,13116,103865,51737,50,52128,50,19622,18.89183074,71487,68.82684254,12756,12.28132672,"101,615","50,650","50,965",18.57,67.98,13.45,8.24,"12,607.49","12,334.38",0.00,11.77,3.80,6.7%,37.5%,14.4%,6.8%,,28.8%,None,Medio-alta,2.117340184,,None,226.26,227.31,715.35,679.04
Metropolitana,13,Lo Prado,13117,104403,51525,49,52878,51,18129,17.36444355,70490,67.51721694,15784,15.11833951,"102,923","50,864","52,059",16.99,66.44,16.57,6.56,"15,914.97","15,689.37",0.00,14.28,6.82,5.8%,24.5%,13.7%,5.3%,,19.3%,None,Medio-baja,-1.188676497,,None,173.37,191.56,533.51,562.23
Metropolitana,13,Macul,13118,134635,66233,49,68402,51,21568,16.01960857,92815,68.93824043,20252,15.042151,"137,735","67,925","69,810",15.65,67.95,16.40,12.84,"10,483.73","10,725.12",0.00,10.14,5.32,7.5%,13.5%,6.9%,3.5%,,13.4%,None,Medio-baja,-12.69032058,,None,131.47,139.42,170.09,273.71
Metropolitana,13,Maipú,13119,578605,284197,49,294408,51,107957,18.65815193,413753,71.50871493,56895,9.833133139,"586,337","288,216","298,121",18.37,70.83,10.80,137.68,"4,202.65","4,258.81",0.66,10.13,2.37,2.6%,13.2%,7.0%,3.3%,,14.8%,None,Medio-baja,-13.31476377,,None,145.18,142.80,417.21,440.20
Metropolitana,13,Ñuñoa,13120,250192,121869,49,128323,51,35381,14.1415393,177998,71.14456098,36813,14.71389973,"263,319","128,759","134,560",13.76,70.32,15.92,16.86,"14,842.20","15,620.94",0.00,6.92,7.34,0.9%,5.8%,4.0%,1.5%,,5.2%,None,Baja,-24.74702587,,None,145.49,100.85,185.86,281.05
Metropolitana,13,Pedro Aguirre Cerda,13121,107803,53496,50,54307,50,18443,17.10805822,73450,68.13353988,15910,14.7584019,"105,483","52,456","53,027",16.74,67.19,16.08,8.76,"12,312.00","12,047.04",0.00,10.96,5.14,6.2%,26.8%,11.7%,5.5%,,20.2%,None,Medio-baja,-1.994723875,,None,257.88,236.48,717.05,686.16
Metropolitana,13,Peñalolén,13122,266798,131272,49,135526,51,52419,19.64744863,185820,69.64819826,28559,10.70435311,"271,854","134,082","137,772",19.32,68.93,11.76,53.61,"4,976.88","5,071.19",0.00,12.91,4.29,4.4%,26.3%,10.6%,3.2%,,16.6%,None,Medio-baja,-7.305187427,,None,160.42,158.19,164.17,195.32
Metropolitana,13,Providencia,13123,157749,76672,49,81077,51,18822,11.93161288,114337,72.48033268,24590,15.58805444,"162,837","79,371","83,466",11.61,71.52,16.87,14.39,"10,959.25","11,312.72",0.00,5.06,10.66,0.4%,3.4%,3.6%,1.3%,,4.3%,None,Baja,-29.66346648,,None,154.68,140.59,235.18,302.42
Metropolitana,13,Pudahuel,13124,253139,124669,49,128470,51,51432,20.31769107,179169,70.77890013,22538,8.903408799,"260,129","128,268","131,861",20.01,70.20,9.79,197.26,"1,283.29","1,318.72",1.80,12.64,2.83,8.2%,22.5%,8.9%,4.4%,,16.9%,None,Medio-baja,-6.848121904,,None,124.83,118.86,381.21,472.71
Metropolitana,13,Quilicura,13125,254694,126566,50,128128,50,56083,22.01975704,184026,72.25376334,14585,5.726479619,"271,385","135,075","136,310",21.78,71.91,6.31,57.32,"4,443.27","4,734.45",0.26,11.41,7.09,5.7%,17.9%,8.5%,5.2%,,17.0%,None,Medio-baja,-7.722542091,,None,86.38,91.22,260.71,307.64
Metropolitana,13,Quinta Normal,13126,136368,67247,49,69121,51,22871,16.77152998,95273,69.864631,18224,13.36383902,"140,964","69,620","71,344",16.44,68.95,14.61,11.82,"11,539.69","11,928.61",0.00,10.35,10.18,3.7%,23.5%,9.2%,2.1%,,19.7%,None,Medio-baja,-5.703997423,,None,173.06,168.46,436.32,434.83
Metropolitana,13,Recoleta,13127,190075,94387,50,95688,50,32902,17.31000921,132403,69.65829278,24770,13.03169801,"196,073","97,446","98,627",16.96,68.79,14.25,15.78,"12,041.75","12,421.74",0.00,10.90,14.53,6.9%,22.5%,13.2%,5.1%,,21.2%,None,Medio-alta,0.690935965,,None,226.75,147.21,511.38,445.24
Metropolitana,13,Renca,13128,160847,79512,49,81335,51,33787,21.0056762,110166,68.49117484,16894,10.50314896,"162,854","80,546","82,308",20.63,67.84,11.53,23.76,"6,770.95","6,855.44",0.00,13.97,3.50,3.7%,24.5%,10.2%,5.3%,,19.5%,None,Medio-baja,-2.477849332,,None,169.10,176.59,438.30,448.88
Metropolitana,13,San Joaquín,13129,103485,51087,49,52398,51,17091,16.51543702,70537,68.16156931,15857,15.32299367,"103,420","51,105","52,315",16.16,67.11,16.74,9.94,"10,408.60","10,402.06",0.00,10.54,5.85,5.2%,21.1%,11.8%,4.8%,,19.6%,None,Medio-baja,-4.689504269,,None,190.37,204.10,574.00,550.68
Metropolitana,13,San Miguel,13130,133059,65178,49,67881,51,21196,15.92977551,94650,71.13385791,17213,12.93636657,"142,549","70,001","72,548",15.58,70.33,14.09,9.61,"13,841.35","14,828.54",0.00,7.90,6.84,4.8%,17.2%,5.3%,2.2%,,12.9%,None,Baja,-17.63805677,,None,191.64,202.43,435.90,753.46
Metropolitana,13,San Ramón,13131,86510,42906,50,43604,50,15899,18.37822217,57499,66.46514854,13112,15.15662929,"84,495","41,981","42,514",18.00,65.40,16.60,6.28,"13,781.82","13,460.81",0.00,13.73,3.16,4.6%,27.9%,13.2%,6.9%,,19.2%,None,Medio-alta,0.346181681,,None,324.82,301.10,640.39,577.79
Metropolitana,13,Vitacura,13132,96774,46458,48,50316,52,17078,17.64730196,62091,64.16082832,17605,18.19186972,"97,388","46,885","50,503",17.14,63.12,19.74,28.42,"3,405.49","3,427.10",0.00,2.88,10.73,0.1%,3.5%,3.3%,0.9%,,2.4%,None,Baja,-24.33312737,,None,88.87,74.72,284.17,246.69
Metropolitana,13,Puente Alto,13201,645909,317593,49,328316,51,134816,20.87229006,459127,71.08230416,51966,8.045405777,"664,370","327,237","337,133",20.59,70.56,8.85,88.24,"7,320.02","7,529.24",0.00,11.28,1.72,7.3%,23.3%,8.0%,5.0%,,18.9%,None,Medio-baja,-9.463118139,,None,144.29,141.06,409.81,663.17
Metropolitana,13,Pirque,13202,30433,15139,50,15294,50,6130,20.14260835,21080,69.2669142,3223,10.59047744,"32,412","16,141","16,271",19.76,68.63,11.61,445.25,68.35,72.79,56.00,6.70,1.96,4.7%,20.3%,9.2%,2.7%,,19.4%,None,Medio-baja,-9.024141115,,None,111.72,128.48,216.87,369.37
Metropolitana,13,San José de Maipo,13203,18644,9280,50,9364,50,3565,19.12143317,12748,68.375885,2331,12.50268183,"19,330","9,624","9,706",18.70,67.62,13.68,"4,982.59",3.74,3.88,38.38,8.98,3.12,6.0%,24.0%,9.2%,4.7%,,24.4%,None,Medio-baja,-6.110698398,,None,128.73,311.89,520.27,925.09
Metropolitana,13,Colina,13301,180353,89416,50,90937,50,46191,25.61143979,123003,68.20124977,11159,6.187310441,"193,594","96,023","97,571",25.19,68.00,6.81,970.70,185.80,199.44,19.28,9.03,6.58,6.4%,25.5%,8.6%,5.1%,,24.6%,None,Medio-baja,-4.952356761,,None,86.50,87.28,275.02,335.13
Metropolitana,13,Lampa,13302,126898,63192,50,63706,50,32098,25.29433088,87135,68.6653848,7665,6.040284323,"139,266","69,346","69,920",24.91,68.44,6.65,450.15,281.90,309.38,20.85,11.08,3.77,3.6%,25.8%,10.2%,4.9%,,25.6%,None,Medio-baja,-5.578378384,,None,69.35,126.30,190.70,356.07
Metropolitana,13,Tiltil,13303,21477,10725,50,10752,50,4438,20.6639661,14715,68.51515575,2324,10.82087815,"22,262","11,107","11,155",20.29,67.81,11.89,654.23,32.83,34.03,32.32,8.09,2.65,6.8%,23.7%,10.1%,6.1%,,28.9%,None,Medio-baja,-4.186066851,,None,74.50,137.72,265.40,399.39
Metropolitana,13,San Bernardo,13401,334836,165636,49,169200,51,73181,21.85577417,231185,69.04424853,30470,9.099977302,"345,583","171,025","174,558",21.52,68.47,10.01,152.88,"2,190.25","2,260.55",1.68,11.54,2.59,9.4%,26.1%,10.7%,6.0%,,18.7%,None,Medio-baja,-4.299793537,,None,137.98,165.17,298.65,531.50
Metropolitana,13,Buin,13402,109641,54264,49,55377,51,23599,21.52388249,76088,69.39739696,9954,9.078720552,"116,032","57,533","58,499",21.14,68.89,9.97,217.50,504.10,533.49,14.18,8.33,1.86,8.0%,24.9%,8.5%,4.4%,,19.1%,None,Medio-baja,-6.124597449,,None,124.04,117.93,155.96,380.58
Metropolitana,13,Calera de Tango,13403,28525,14178,50,14347,50,5761,20.19631902,19945,69.92112182,2819,9.882559159,"29,880","14,866","15,014",19.87,69.27,10.85,73.15,389.96,408.48,54.53,6.16,2.25,3.5%,22.1%,9.2%,3.5%,,18.6%,None,Medio-baja,-6.879330182,,None,63.10,130.95,199.82,461.77
Metropolitana,13,Paine,13404,82766,41201,50,41565,50,17525,21.17415364,56877,68.72024744,8364,10.10559892,"87,059","43,369","43,690",20.79,68.13,11.09,677.66,122.13,128.47,35.74,8.87,2.91,4.2%,22.3%,11.0%,5.9%,,20.9%,None,Medio-baja,-2.489060848,,None,95.45,96.00,108.74,319.98
Metropolitana,13,Melipilla,13501,141612,70347,50,71265,50,28576,20.17908087,96140,67.88972686,16896,11.93119227,"147,275","73,238","74,037",19.77,67.16,13.07,"1,352.15",104.73,108.92,31.47,7.26,2.55,5.2%,24.9%,9.1%,7.6%,,22.8%,None,Medio-baja,-3.864563333,,None,105.92,171.79,58.61,212.13
Metropolitana,13,Alhué,13502,7405,3733,50,3672,50,1428,19.28426739,5079,68.58879136,898,12.12694126,"7,756","3,907","3,849",18.88,67.86,13.27,844.64,8.77,9.18,56.80,5.30,3.57,6.7%,20.3%,7.2%,9.6%,,29.1%,None,Medio-baja,-1.827460931,,None,40.51,106.16,108.04,398.09
Metropolitana,13,Curacaví,13503,36430,18079,50,18351,50,7231,19.84902553,24693,67.78204776,4506,12.36892671,"37,932","18,851","19,081",19.43,67.03,13.55,694.07,52.49,54.65,37.51,7.45,2.15,7.4%,22.6%,9.6%,6.0%,,25.8%,None,Medio-baja,-2.266321011,,None,63.13,137.87,120.78,254.12
Metropolitana,13,María Pinto,13504,14926,7402,50,7524,50,2962,19.84456653,10179,68.19643575,1785,11.95899772,"15,503","7,675","7,828",19.44,67.45,13.11,394.60,37.83,39.29,50.94,7.83,0.98,10.8%,33.1%,10.3%,7.3%,,27.2%,None,Medio-alta,0.726705008,,None,60.30,105.74,80.40,171.82
Metropolitana,13,San Pedro,13505,11953,6031,50,5922,50,2371,19.83602443,7850,65.6738894,1732,14.49008617,"12,412","6,252","6,160",19.38,64.82,15.81,787.97,15.17,15.75,100.00,8.06,2.91,9.3%,31.8%,13.3%,14.1%,,31.9%,None,Medio-alta,5.98576175,,None,41.83,98.91,16.73,164.85
Metropolitana,13,Talagante,13601,81838,40453,49,41385,51,17073,20.86194677,56546,69.09504142,8219,10.0430118,"84,670","41,868","42,802",20.50,68.47,11.03,126.60,646.45,668.82,20.24,8.17,2.01,3.7%,21.3%,8.9%,6.3%,,17.0%,None,Medio-baja,-5.894285192,,None,114.86,144.75,208.95,188.18
Metropolitana,13,El Monte,13602,40014,19798,49,20216,51,8699,21.73989104,27051,67.60383866,4264,10.65627031,"41,711","20,678","21,033",21.36,66.94,11.70,114.87,348.33,363.11,16.36,10.06,1.42,8.7%,33.7%,11.8%,7.1%,,23.0%,None,Medio-baja,-1.033614876,,None,129.95,130.48,187.43,155.10
Metropolitana,13,Isla de Maipo,13603,40171,19914,50,20257,50,8548,21.27903214,27356,68.0988773,4267,10.62209056,"41,876","20,777","21,099",20.89,67.45,11.66,189.34,212.17,221.17,25.62,7.66,1.56,8.3%,27.2%,11.5%,6.4%,,22.9%,None,Medio-baja,-2.399449362,,None,82.15,117.64,181.72,144.60
Metropolitana,13,Padre Hurtado,13604,74188,36769,50,37419,50,15999,21.56548229,51342,69.20526231,6847,9.229255405,"79,925","39,613","40,312",21.20,68.66,10.14,81.07,915.13,985.90,11.89,10.82,2.48,8.8%,21.6%,9.0%,3.7%,,19.6%,None,Medio-baja,-5.140793885,,None,115.92,123.33,203.54,493.32
Metropolitana,13,Peñaflor,13605,101058,49844,49,51214,51,21490,21.26501613,69096,68.3726177,10472,10.36236617,"105,498","52,173","53,325",20.89,67.74,11.37,69.33,"1,457.64","1,521.68",7.91,8.28,1.65,4.9%,13.5%,9.0%,7.3%,,15.1%,None,Medio-baja,-6.879977505,,None,152.39,150.97,238.48,466.56
Los Ríos,14,Valdivia,14101,176774,85976,49,90798,51,31299,17.70565807,123808,70.03744895,21667,12.25689298,"180,848","87,553","93,295",17.06,69.42,13.52,965.72,183.05,187.27,6.84,17.77,1.38,7.6%,14.1%,9.8%,3.4%,,13.9%,None,Medio-baja,-10.27384567,,None,26.02,141.95,101.82,332.16
Los Ríos,14,Corral,14102,5447,2699,50,2748,50,954,17.51422802,3566,65.46722967,927,17.01854232,"5,432","2,692","2,740",16.86,64.40,18.74,720.00,7.57,7.54,34.35,31.40,0.59,23.1%,35.0%,15.4%,7.6%,,23.2%,None,Medio-alta,7.425593304,,None,55.08,91.83,55.08,220.39
Los Ríos,14,Lanco,14103,17652,8653,49,8999,51,3633,20.58123725,11462,64.93315205,2557,14.4856107,"17,957","8,778","9,179",19.72,64.39,15.89,531.89,33.19,33.76,30.71,32.54,0.65,19.2%,25.8%,14.2%,3.9%,,15.6%,None,Medio-alta,6.421907592,,None,33.99,253.35,130.30,776.94
Los Ríos,14,Los Lagos,14104,20518,10152,49,10366,51,4074,19.85573643,13552,66.04932255,2892,14.09494103,"20,523","10,150","10,373",19.00,65.49,15.50,"1,790.03",11.46,11.47,50.10,16.09,0.55,15.5%,29.5%,14.5%,6.7%,,24.1%,None,Medio-alta,4.51097155,,None,34.12,350.76,151.09,1237.39
Los Ríos,14,Máfil,14105,7389,3637,49,3752,51,1488,20.13804304,4775,64.62308837,1126,15.23886859,"7,381","3,630","3,751",19.32,63.92,16.76,577.56,12.79,12.78,40.20,19.36,0.31,12.6%,29.8%,15.5%,7.2%,,22.9%,None,Medio-alta,5.429317091,,None,13.53,162.38,135.34,649.53
Los Ríos,14,Mariquina,14106,23250,11475,49,11775,51,5153,22.16344086,15052,64.73978495,3045,13.09677419,"23,830","11,697","12,133",21.28,64.28,14.44,"1,296.25",17.94,18.38,53.20,41.97,0.63,15.6%,24.1%,14.8%,7.9%,,26.6%,None,Medio-alta,9.695845632,,None,12.90,196.10,141.94,903.74
Los Ríos,14,Paillaco,14107,20798,10223,49,10575,51,4066,19.54995673,13596,65.37167035,3136,15.07837292,"20,915","10,265","10,650",18.74,64.75,16.51,901.46,23.07,23.20,38.32,19.98,0.76,19.1%,25.3%,14.8%,6.4%,,17.2%,None,Medio-alta,6.921673936,,None,43.27,225.44,67.31,191.86
Los Ríos,14,Panguipulli,14108,35991,17786,49,18205,51,7242,20.12169709,23707,65.86924509,5042,14.00905782,"36,178","17,857","18,321",19.29,65.35,15.36,"3,300.26",10.91,10.96,55.78,43.87,0.97,14.7%,32.6%,14.1%,10.2%,,25.1%,None,Medio-alta,7.471953375,,None,22.23,285.54,127.81,1194.83
Los Ríos,14,La Unión,14201,39538,19419,49,20119,51,7554,19.10567049,25889,65.47877991,6095,15.4155496,"39,668","19,457","20,211",18.28,64.81,16.91,"2,129.92",18.56,18.62,29.90,27.46,0.44,13.3%,24.5%,12.5%,8.7%,,18.6%,None,Medio-alta,1.73802625,,None,35.41,209.63,212.45,934.51
Los Ríos,14,Futrono,14202,15261,7530,49,7731,51,3224,21.12574536,10019,65.65100583,2018,13.2232488,"15,211","7,493","7,718",20.26,65.18,14.57,"2,105.86",7.25,7.22,44.20,33.82,0.68,14.1%,32.9%,15.8%,9.3%,,19.1%,None,Medio-alta,5.363985297,,None,0.00,255.72,13.11,340.96
Los Ríos,14,Lago Ranco,14203,10292,5140,50,5152,50,1997,19.40342013,6630,64.41896619,1665,16.17761368,"10,280","5,131","5,149",18.50,63.75,17.75,"1,744.92",5.90,5.89,77.07,53.61,0.40,14.6%,37.7%,13.6%,12.4%,,35.4%,None,Alta,12.16580882,,None,38.87,291.46,68.01,408.04
Los Ríos,14,Río Bueno,14204,32925,16225,49,16700,51,5998,18.21716021,21597,65.59453303,5330,16.18830676,"32,982","16,245","16,737",17.42,64.87,17.71,"2,175.34",15.14,15.16,45.36,27.38,0.47,16.4%,30.1%,13.6%,5.7%,,21.0%,None,Medio-alta,6.001664761,,None,30.37,182.08,72.89,267.05
Arica y Parinacota,15,Arica,15101,247552,124220,50,123332,50,51937,20.9802385,167297,67.58054873,28318,11.43921277,"255,195","128,449","126,746",20.19,67.38,12.43,"4,792.82",51.65,53.25,7.36,35.08,7.55,8.3%,21.1%,11.8%,9.1%,,18.3%,None,Medio-alta,1.346904878,,None,92.10,155.51,395.07,204.15
Arica y Parinacota,15,Camarones,15102,1233,634,51,599,49,190,15.40957015,799,64.80129765,244,19.7891322,"1,244",639,605,14.63,64.31,21.06,"3,934.92",0.31,0.32,100.00,71.33,8.62,8.8%,58.7%,22.9%,12.6%,,37.0%,None,Alta,21.83337091,,None,0.00,0.00,81.10,0.00
Arica y Parinacota,15,Putre,15201,2515,1457,58,1058,42,299,11.88866799,1911,75.98409543,305,12.12723658,"2,559","1,482","1,077",11.49,75.15,13.36,"5,885.01",0.43,0.43,22.17,59.25,10.61,14.5%,50.3%,20.4%,7.3%,,30.9%,None,Medio-alta,2.769935396,,None,39.76,0.00,0.00,0.00
Arica y Parinacota,15,General Lagos,15202,810,433,53,377,47,118,14.56790123,557,68.7654321,135,16.66666667,804,429,375,14.30,67.79,17.91,"2,256.07",0.36,0.36,100.00,75.71,10.69,21.0%,67.2%,25.9%,21.2%,,58.6%,None,Alta,34.60482006,,None,0.00,0.00,0.00,0.00
Ñuble,16,Chillán,16101,198624,95112,48,103512,52,37456,18.85774126,134431,67.68114629,26737,13.46111245,"202,826","96,449","106,377",18.12,66.80,15.08,474.83,418.31,427.16,8.71,5.35,1.33,11.7%,17.7%,13.7%,10.5%,,12.7%,None,Medio-baja,-7.2350504,,None,42.79,99.93,180.24,331.25
Ñuble,16,Bulnes,16102,22607,10983,49,11624,51,4246,18.78179325,14846,65.66992524,3515,15.54828151,"22,732","11,021","11,711",17.95,64.70,17.35,426.74,52.98,53.27,37.23,4.36,0.51,14.9%,28.7%,15.4%,12.7%,,10.1%,None,Medio-alta,2.227822943,,None,88.47,150.01,411.38,688.29
Ñuble,16,Chillán Viejo,16103,33827,16221,48,17606,52,7354,21.74003015,22913,67.73583232,3560,10.52413752,"35,176","16,805","18,371",20.98,67.13,11.89,263.64,128.31,133.42,11.32,6.13,0.65,19.1%,24.0%,14.6%,8.5%,,15.2%,None,Medio-baja,-1.824039325,,None,26.61,55.38,65.04,125.32
Ñuble,16,El Carmen,16104,12334,6059,49,6275,51,2209,17.90984271,7969,64.61002108,2156,17.48013621,"12,234","6,002","6,232",17.08,63.45,19.47,667.01,18.49,18.34,59.64,3.34,0.17,28.8%,34.1%,17.1%,14.9%,,19.0%,None,Alta,12.16375658,,None,56.75,73.13,137.83,406.27
Ñuble,16,Pemuco,16105,8639,4261,49,4378,51,1619,18.74059498,5674,65.67889802,1346,15.580507,"8,600","4,241","4,359",17.93,64.69,17.38,562.34,15.36,15.29,50.66,4.40,0.16,23.8%,28.5%,16.5%,19.0%,,20.1%,None,Medio-alta,8.131701404,,None,34.73,150.62,81.03,278.07
Ñuble,16,Pinto,16106,11880,5805,49,6075,51,2050,17.25589226,7861,66.17003367,1969,16.57407407,"12,110","5,893","6,217",16.48,65.03,18.49,"1,105.07",10.75,10.96,49.59,4.38,0.63,25.1%,37.1%,15.8%,10.3%,,22.5%,None,Medio-alta,3.801068188,,None,16.84,117.01,84.18,234.02
Ñuble,16,Quillón,16107,18777,9192,49,9585,51,3218,17.13798796,11998,63.89732119,3561,18.96469085,"19,182","9,355","9,827",16.28,62.67,21.05,406.54,46.19,47.18,40.39,5.12,0.51,16.7%,30.7%,16.8%,16.0%,,12.0%,None,Medio-alta,4.103099699,,None,69.23,116.25,239.65,385.75
Ñuble,16,San Ignacio,16108,16624,8130,49,8494,51,2951,17.7514437,10929,65.74230029,2744,16.50625602,"16,614","8,121","8,493",16.97,64.69,18.35,362.28,45.89,45.86,57.70,3.36,0.27,24.9%,32.8%,18.7%,15.7%,,21.6%,None,Alta,10.10865724,,None,48.12,114.25,168.43,348.77
Ñuble,16,Yungay,16109,18596,9156,49,9440,51,3440,18.49860185,12108,65.11077651,3048,16.39062164,"18,784","9,232","9,552",17.69,64.03,18.28,824.80,22.55,22.77,25.21,5.31,0.34,19.4%,19.9%,11.4%,10.8%,,12.8%,None,Medio-baja,-2.363042634,,None,10.76,112.48,241.99,621.32
Ñuble,16,Quirihue,16201,12192,5950,49,6242,51,2189,17.95439633,7844,64.33727034,2159,17.70833333,"12,234","5,966","6,268",17.10,63.24,19.66,584.01,20.88,20.95,18.29,4.22,0.21,18.3%,35.3%,14.9%,7.8%,,18.9%,None,Medio-alta,3.003087457,,None,73.82,106.44,270.67,687.74
Ñuble,16,Cobquecura,16202,5275,2588,49,2687,51,748,14.18009479,3356,63.62085308,1171,22.19905213,"5,238","2,556","2,682",13.36,62.20,24.44,576.32,9.15,9.09,71.01,6.05,0.30,34.2%,47.2%,19.2%,19.1%,,24.3%,None,Alta,10.7776771,,None,37.91,151.95,37.91,531.81
Ñuble,16,Coelemu,16203,16845,8252,49,8593,51,3183,18.89581478,10930,64.88572277,2732,16.21846245,"16,894","8,265","8,629",18.05,63.86,18.10,343.61,49.02,49.17,28.51,5.97,0.17,18.3%,30.7%,12.6%,13.0%,,18.4%,None,Medio-alta,3.591677828,,None,53.43,112.62,130.60,385.28
Ñuble,16,Ninhue,16204,5414,2650,49,2764,51,854,15.77391947,3433,63.40967861,1127,20.81640192,"5,370","2,624","2,746",14.92,62.09,23.00,402.88,13.44,13.33,71.24,3.08,0.24,25.3%,34.8%,14.1%,16.1%,,21.4%,None,Alta,12.34872606,,None,36.94,111.07,166.24,333.21
Ñuble,16,Portezuelo,16205,4940,2421,49,2519,51,823,16.65991903,3161,63.98785425,956,19.35222672,"4,891","2,389","2,502",15.80,62.71,21.49,288.69,17.11,16.94,62.90,2.96,0.16,18.7%,35.5%,17.4%,15.1%,,20.8%,None,Alta,10.40213528,,None,40.49,121.83,60.73,162.44
Ñuble,16,Ranquil,16206,6261,3060,49,3201,51,1050,16.77048395,3897,62.24245328,1314,20.98706277,"6,290","3,069","3,221",15.82,61.05,23.13,248.37,25.21,25.33,72.42,4.31,0.18,9.5%,24.3%,15.3%,16.8%,,15.5%,None,Medio-alta,5.695883566,,None,47.92,143.43,127.78,239.04
Ñuble,16,Treguaco,16207,5696,2811,49,2885,51,980,17.20505618,3685,64.69452247,1031,18.10042135,"5,752","2,836","2,916",16.45,63.49,20.06,312.81,18.21,18.39,67.15,4.84,0.21,20.6%,23.7%,19.0%,17.1%,,18.8%,None,Medio-alta,7.286472141,,None,35.11,209.86,87.78,367.26
Ñuble,16,San Carlos,16301,56252,27234,48,29018,52,10419,18.52200811,36982,65.74344023,8851,15.73455166,"56,886","27,456","29,430",17.73,64.72,17.56,876.91,64.15,64.87,37.27,3.49,0.40,13.8%,27.5%,14.5%,13.7%,,15.1%,None,Medio-alta,0.679207985,,None,28.44,164.60,108.44,569.92
Ñuble,16,Coihueco,16302,28375,13920,49,14455,51,5704,20.10220264,19062,67.17885463,3609,12.71894273,"28,908","14,115","14,793",19.34,66.38,14.28,"1,773.63",16.00,16.30,66.15,4.96,0.44,22.0%,27.3%,16.7%,13.5%,,24.5%,None,Medio-alta,6.221299082,,None,38.77,84.01,81.06,231.02
Ñuble,16,Ñiquén,16303,11567,5734,50,5833,50,1954,16.89288493,7329,63.36128642,2284,19.74582865,"11,541","5,720","5,821",16.01,62.13,21.86,494.01,23.41,23.36,89.66,2.90,0.24,19.9%,30.8%,19.2%,13.8%,,19.2%,None,Medio-alta,8.221642614,,None,43.23,155.64,69.16,683.10
Ñuble,16,San Fabián,16304,4654,2287,49,2367,51,838,18.00601633,2953,63.45079502,863,18.54318865,"4,761","2,329","2,432",17.06,62.32,20.63,"1,545.14",3.01,3.08,60.68,5.45,0.35,13.8%,32.4%,18.7%,15.0%,,15.0%,None,Medio-alta,3.014298041,,None,0.00,127.85,300.82,383.55
Ñuble,16,San Nicolás,16305,12172,5966,49,6206,51,2150,17.66348998,8050,66.1353927,1972,16.20111732,"12,414","6,056","6,358",16.88,65.10,18.02,567.07,21.46,21.89,57.88,3.67,0.33,14.3%,35.0%,10.2%,10.8%,,19.7%,,Medio-alta,2.234595116,,,65.72,73.40,115.02,481.20
,,,,,,,,,,,,,,,,,,,,,,,,,,,,,,,,,,,,,,,,,
